jid,formula,spg,dim,band,W_band,M_trg,d_iso,nphi,gap_mean,unif_gap
JVASP-12648,MnSnB2O6,148,3,37,0.29901345631786835,0.3195509112781975,0.0977436873062354,4.019704281010033,0.19492686173142454,0.09297267517371441
JVASP-12648,MnSnB2O6,148,3,38,0.2528914699942604,0.3336258511127329,0.0977436873062354,3.4137367809949763,0.19492686173142454,0.09297267517371441
JVASP-12648,MnSnB2O6,148,3,39,0.4471955676069168,0.5838917068508473,0.0977436873062354,3.5163770544766555,0.14659788523110515,0.011834528137023445
JVASP-12648,MnSnB2O6,148,3,40,0.19363458704507686,0.5612144474573116,0.0977436873062354,2.0154491420100062,0.14659788523110515,0.011834528137023445
JVASP-13546,VBr2,164,2,19,0.22610998441583785,1.6186529716840694,0.13030321303144832,5.22091263286844,0.15042194081720284,0.03429436703029533
JVASP-13546,VBr2,164,2,20,0.29756966137238217,1.5963943939844474,0.13030321303144832,5.684293528201122,0.15042194081720284,0.03429436703029533
JVASP-13576,FeBr2,164,2,24,0.25826046742531594,1.75031677242796,0.6289354318503233,5.599938735159011,0.15751248177304486,0.03419970942344128
JVASP-13576,FeBr2,164,2,25,0.26043711536811975,1.705407445531602,0.6289354318503233,6.165087952143633,0.15751248177304486,0.03419970942344128
JVASP-13600,ZrFeCl6,149,2,1,0.21155936061836833,0.515769719936971,0.1213327672178579,13.827504622939703,0.20442455323053813,0.8128552145263341
JVASP-13600,ZrFeCl6,149,2,39,0.08670884457200057,1.6275348670941778,0.8389613166674268,11.882855409946167,0.03866653802213764,0.013877092526649138
JVASP-13600,ZrFeCl6,149,2,40,0.04960086045470735,1.5934662168833995,0.8389613166674268,12.505886523200733,0.03866653802213764,0.013877092526649138
JVASP-13600,ZrFeCl6,149,2,41,0.09029254846631174,0.4925888058101876,0.12036212396180579,5.098009346732136,0.09812163851199544,0.15929939397189133
JVASP-13600,ZrFeCl6,149,2,42,0.0823892135951505,0.4889050657894357,0.12036212396180579,4.809033992020442,0.09812163851199544,0.15929939397189133
JVASP-13600,ZrFeCl6,149,2,50,0.08242302996724371,0.945055460688755,0.05783097611799359,11.97137818177001,0.03042829352902518,0.035539411457722825
JVASP-13600,ZrFeCl6,149,2,51,0.0708262375132811,0.9388249463936498,0.05783097611799359,10.396802376202379,0.03042829352902518,0.035539411457722825
JVASP-13611,PI2,2,2,1,0.1941272990870857,7.723456975626675,0.7002904446183038,18.354797690696902,0.0006586891858683708,0.018460635656123842
JVASP-13611,PI2,2,2,2,0.1858077078666618,7.013349876718908,0.24272457149671745,15.609508269428172,0.0004264036171876651,0.021044528979109075
JVASP-13611,PI2,2,2,3,0.1861952206087487,7.013226689578172,0.24272457149671745,15.619553247750597,0.0004264036171876651,0.021044528979109075
JVASP-13611,PI2,2,2,8,0.222394098150426,9.28020111441673,1.6288403652272674,19.709465038635845,0.0006576175111594906,0.01021188121436384
JVASP-13611,PI2,2,2,9,0.22216310388043858,9.280394548719116,1.6288403652272674,19.709703191849115,0.0006576175111594906,0.01021188121436384
JVASP-13611,PI2,2,2,10,0.45784788165543233,9.733554586489642,1.7829627801608314,16.42042605374947,0.0003935029885087171,0.02911286421821796
JVASP-13611,PI2,2,2,11,0.45776298244543945,9.733570897557719,1.7829627801608314,16.41857264196564,0.0003935029885087171,0.02911286421821796
JVASP-13611,PI2,2,2,46,0.37395267860167536,5.6761944653975505,0.16556121909775795,14.252027977128096,0.0008329727138654889,0.009601971836836221
JVASP-13616,AsCl5,25,2,1,0.06523092136479036,0.1409603798464417,4.16953647588395,4.339401770367394,0.02190909107514095,0.11747215741367203
JVASP-13616,AsCl5,25,2,6,0.016303767182655804,1.064027459972026,0.062337596435716236,7.933976290258933,0.0026274091519504304,0.026796560068900896
JVASP-13616,AsCl5,25,2,7,0.014680657619651427,1.0635137215113863,0.062337596435716236,8.268511066203038,0.0026274091519504304,0.026796560068900896
JVASP-13616,AsCl5,25,2,30,0.3587289665869724,0.2552424100990605,1.6649112164630608,10.123517255505009,0.014599355691661344,0.1039451205104043
JVASP-13616,AsCl5,25,2,31,0.3650828491323397,0.2553629235571269,1.6649112164630608,10.146545331188781,0.014599355691661344,0.1039451205104043
JVASP-13616,AsCl5,25,2,36,0.057228068589684544,1.0964121699974263,0.7533472272809164,4.096515088763133,0.0017169129275784716,0.022602039657029643
JVASP-13624,Ni2SbTe2,187,2,4,0.36946970328759576,4.605589213074835,0.8227477316483469,11.227340774373207,0.0008900548653868135,0.0014105454139967414
JVASP-13624,Ni2SbTe2,187,2,5,0.3702154313129249,4.605733956092656,0.8227477316483469,11.201460634957677,0.0008900548653868135,0.0014105454139967414
JVASP-14458,TeO3,187,2,20,0.4687622036939145,2.5863254727925735,0.12474966527422415,13.034384475755665,0.11885487301810288,3.4788286568819374e-05
JVASP-14458,TeO3,187,2,21,0.3952615866434055,2.6817309744169497,0.12474966527422415,12.362842308813224,0.11885487301810288,3.4788286568819374e-05
JVASP-15858,Tb3AlC,221,3,18,0.21648235654020098,0.38621243779303,1.3584131164401265,1.1653271516626513,0.001521896853131916,0.04630614117447978
JVASP-15858,Tb3AlC,221,3,19,0.21610999749827187,0.38715850450776507,1.3584131164401265,1.1658805216440467,0.001521896853131916,0.04630614117447978
JVASP-16001,K2RhF6,164,3,70,0.3120361795891107,0.06462087362374919,4.785188009656041,1.098075780879287,0.1696219208686535,0.9806906954946324
JVASP-16008,TaSnO3,221,3,36,0.4479363076415872,0.022061505229135834,1.877567573940624,1.0608636737214279,0.15094354318271616,0.5756373962515321
JVASP-16408,LiIrF6,148,3,40,0.15407429913153797,0.9678707166751297,0.277678343424032,16.814305494950464,0.07172325870837278,0.015099658433559074
JVASP-16408,LiIrF6,148,3,41,0.1499749413825119,0.9583123333213805,0.277678343424032,15.373741255451199,0.07172325870837278,0.015099658433559074
JVASP-16859,ZnCu2GeTe4,121,3,1,0.44180435886912583,0.4457556223463381,0.17414650488142236,21.41004003576002,0.005853345272683695,0.1226193904713926
JVASP-16859,ZnCu2GeTe4,121,3,8,0.3590281611923505,0.6156777646999348,0.6221912491444073,20.23833906900068,0.012399823189493009,0.03854077731068566
JVASP-16859,ZnCu2GeTe4,121,3,9,0.38360953488006855,0.6134618860584414,0.6221912491444073,19.575458455879076,0.012399823189493009,0.03854077731068566
JVASP-17265,BaIrF6,148,3,40,0.0809366889083647,0.3781327437211506,0.19706173118438242,12.597046246117575,0.2961561545121476,0.6939119104870889
JVASP-17265,BaIrF6,148,3,41,0.08109701445743633,0.32815595684435017,0.19706173118438242,11.028295363492346,0.4699253049348166,0.9377263607541662
JVASP-17430,ZnCu2SnSe4,121,3,8,0.1382235780723713,0.6415398671289398,0.381630878259843,22.098592226276853,0.028854611357365244,0.04320387686320107
JVASP-17430,ZnCu2SnSe4,121,3,9,0.13814221556560646,0.6539732329586485,0.381630878259843,20.409140377174477,0.028854611357365244,0.04320387686320107
JVASP-17890,Tb3PbC,221,3,20,0.054759211163024624,0.12229183675500271,0.3194950897798803,1.064566183800928,0.008078206337214401,0.05103178778777474
JVASP-17890,Tb3PbC,221,3,21,0.05529049816534659,0.12025633837825578,0.3194950897798803,1.0645567850067967,0.008078206337214401,0.05103178778777474
JVASP-18176,Rb2RhF6,164,3,70,0.1980388423757411,0.0720429095150558,4.355135789999791,1.1104359873480345,0.16840127153775286,0.9770444087438396
JVASP-18522,Ba3PbO,221,3,1,0.4899970513829728,2.5559423514531936,3.010271467498157,2.229250522469494,0.005902304439633966,0.0020602926354253252
JVASP-19540,CNCl,25,2,1,0.42076573308684395,0.8661166104740494,2.923315158871681,4.357234771786003,0.0007658020748397698,0.0194453776812113
JVASP-19557,PtS2Cl6,2,2,1,0.03322786016125079,0.17674478638022095,0.36265866994605567,13.181301077929916,0.00039699739808146006,0.12594266919538807
JVASP-19557,PtS2Cl6,2,2,44,0.08686611057532989,1.6987741728975698,0.07492810960024165,20.10706188071434,0.00017959274426490034,0.0059270465458305345
JVASP-19557,PtS2Cl6,2,2,45,0.08686783081648919,1.6986269909874223,0.07492810960024165,20.111849540865553,0.00017959274426490034,0.0059270465458305345
JVASP-19557,PtS2Cl6,2,2,46,0.232606147109498,1.0566134029694325,0.32869091758700497,18.81983673959157,0.00010186471024335453,0.0038344419140569023
JVASP-19557,PtS2Cl6,2,2,47,0.23241338570799108,1.0565149357080548,0.32869091758700497,18.822255851022604,0.00010186471024335453,0.0038344419140569023
JVASP-19557,PtS2Cl6,2,2,58,0.433066968309221,1.2591931938223864,2.3165386216301127,4.023079575882385,0.0009441868654876114,0.0032136248187150896
JVASP-19584,Tl2SnAs2S6,147,2,4,0.16410430784643637,5.52531919185712,1.0562874702452287,7.205511519628869,0.00014724903021438474,0.03331645336193771
JVASP-19584,Tl2SnAs2S6,147,2,5,0.16401380582887093,5.525309269788169,1.0562874702452287,7.2012846057472935,0.00014724903021438474,0.03331645336193771
JVASP-19584,Tl2SnAs2S6,147,2,44,0.4284681942367481,1.4709125035280026,0.3095611131121269,20.528280856456664,0.0009138432075674621,0.013602946715739162
JVASP-19584,Tl2SnAs2S6,147,2,45,0.428629210508807,1.4715372129825313,0.3095611131121269,20.59700861436509,0.0009138432075674621,0.013602946715739162
JVASP-19584,Tl2SnAs2S6,147,2,74,0.2672318121076782,1.879974745568536,0.12214921182755045,7.13785566632546,0.02910900709699603,0.0003158178641444362
JVASP-19759,TbSe,225,3,22,0.021824547468286326,0.10497814723949858,1.5611877696417729,1.4466714840873163,0.006916464127937326,0.1911825888866736
JVASP-19850,HgSe,216,3,1,0.3673953277254949,0.961051998420013,4.5343420547216216,7.242732635630854,0.0037903204077230183,0.014902810868434348
JVASP-20002,Bi,164,2,14,0.4687841002785097,2.8624774304097507,0.17095800881662082,13.957652566302107,0.0002799358603187228,0.01424239711045319
JVASP-20017,MnI2,164,2,24,0.20787986201597441,1.5653348082887244,0.3256992023356716,4.562275161097535,0.1326020618452635,0.0914250064439461
JVASP-20017,MnI2,164,2,25,0.2496786215486153,1.5091393797352686,0.3256992023356716,5.627772861068425,0.1326020618452635,0.0914250064439461
JVASP-20035,Rb3Mo2Cl9,187,2,1,0.45359181578129615,0.279802649337903,0.06104706676671601,7.205846608793215,0.15699297777127416,0.7263522721088699
JVASP-20035,Rb3Mo2Cl9,187,2,58,0.08032275075181561,0.2677853688042391,0.060569554990784535,11.263864421782273,0.12382454917538652,0.19746284760492455
JVASP-20035,Rb3Mo2Cl9,187,2,59,0.10971932101157567,0.3051553479536322,0.060569554990784535,11.88540900726953,0.12382454917538652,0.19746284760492455
JVASP-20035,Rb3Mo2Cl9,187,2,63,0.10914347641645106,0.2916378566083704,0.13847027064455109,8.70117706378282,0.12906241550402772,0.03574712539068287
JVASP-20035,Rb3Mo2Cl9,187,2,64,0.07882344391435381,0.2796316934463623,0.13847027064455109,9.40479117242582,0.12906241550402772,0.03574712539068287
JVASP-20040,KrF2,47,2,2,0.2273547046846467,1.0121689327958778,1.745002247136922,5.590966655858149,0.0013627531771977686,0.0031754125858480206
JVASP-20040,KrF2,47,2,3,0.23032812711162975,1.0122028354726114,1.745002247136922,5.590427059378588,0.0013627531771977686,0.0031754125858480206
JVASP-20040,KrF2,47,2,4,0.2157787871622805,0.2827445368047494,0.11869475420872888,4.8944862572950685,0.002611755278536527,0.10590590974825397
JVASP-20040,KrF2,47,2,5,0.2132987998031144,0.2832908735195844,0.11869475420872888,4.895267189451992,0.002611755278536527,0.10590590974825397
JVASP-20040,KrF2,47,2,6,0.34214747064717166,0.7815003002141178,0.11869475420872888,5.360796870439957,0.0032604915467339722,0.04096712931175209
JVASP-20040,KrF2,47,2,7,0.3413309605822903,0.7810623669561765,0.11869475420872888,5.3306964786285445,0.0032604915467339722,0.04096712931175209
JVASP-20040,KrF2,47,2,18,0.40127177149946025,0.11204269855017629,3.004418382465972,3.6671246312326913,0.006114045322199344,0.0022077434548696535
JVASP-20042,W6CCl8,174,2,1,0.07927301623558591,3.584488555230958,4.954339372928997,3.3837043279655132,0.01288854614546262,0.016466855072268367
JVASP-20042,W6CCl8,174,2,128,0.06564727033533746,1.6436761173757333,0.12717480905870948,85.81789577562137,0.0053812108589209925,0.0008110450899789194
JVASP-20042,W6CCl8,174,2,129,0.050782865267785304,1.640792401692555,0.12717480905870948,86.849440038628,0.0053812108589209925,0.0008110450899789194
JVASP-20042,W6CCl8,174,2,140,0.07600503213266996,1.584081412306932,0.21542439592324492,72.01871895638428,0.0009093505464536182,0.0035675258013804965
JVASP-20042,W6CCl8,174,2,141,0.07760792055557819,1.582737452119759,0.21542439592324492,71.90717395765371,0.0009093505464536182,0.0035675258013804965
JVASP-20042,W6CCl8,174,2,142,0.05106856492677059,2.685731556869226,0.1134027716732211,38.23026779633767,0.004124682802809167,0.00039395037229414826
JVASP-20042,W6CCl8,174,2,143,0.049601183668454674,2.6910894807531456,0.1134027716732211,37.75088703068552,0.004124682802809167,0.00039395037229414826
JVASP-20042,W6CCl8,174,2,168,0.10729584765916822,1.6600878216842045,0.23111904607649666,68.22634880673746,0.010890954089769736,0.009560472632793849
JVASP-20042,W6CCl8,174,2,169,0.10876535506755713,1.6627758343398416,0.23111904607649666,69.91025827201197,0.010890954089769736,0.009560472632793849
JVASP-20042,W6CCl8,174,2,174,0.13830308785663958,1.7829534023280598,0.06153094808253856,40.95113736158403,0.049856533972802736,0.0005194351557342027
JVASP-20042,W6CCl8,174,2,175,0.05103835633521281,1.6935453423153746,0.06153094808253856,39.62659367598181,0.049856533972802736,0.0005194351557342027
JVASP-21389,Sr3CuPtO6,15,3,102,0.2719736057230806,0.4644890313327107,0.2690869263696851,16.12643222473726,0.19490222864243614,0.0975378193762773
JVASP-21389,Sr3CuPtO6,15,3,103,0.2348806542909907,0.4513742627922367,0.2690869263696851,17.937567329993353,0.19490222864243614,0.0975378193762773
JVASP-21502,Li2RhF6,136,3,82,0.08465149626070878,0.7371268878357692,0.10035091958111297,10.090905844626805,0.02822015574116843,0.0008503784119725446
JVASP-21502,Li2RhF6,136,3,83,0.0609397794603459,0.7781605930579247,0.10035091958111297,8.658441530198148,0.02822015574116843,0.0008503784119725446
JVASP-22031,Tl6TeO12,148,3,126,0.27104621110294147,0.25067561056453797,0.3861530183312425,3.1512585204566763,0.03371646421007059,0.6562068026476573
JVASP-22441,Na3Cd2IrO6,12,3,40,0.19823877677715718,1.0824878993522447,0.20239123305116413,24.531139674953874,0.01184703986717316,0.06326867020909709
JVASP-22441,Na3Cd2IrO6,12,3,41,0.20645483828608224,1.0729157184857687,0.20239123305116413,24.126366490524667,0.01184703986717316,0.06326867020909709
JVASP-22600,RbS,71,3,1,0.22720277244605214,4.306054896893524,0.6332097901433404,9.199276640782788,0.001935043058110727,0.0012955151709711686
JVASP-22653,Sr3BiN,221,3,1,0.2988261376577297,2.8655996844156104,6.219071972111405,2.138039789024514,0.001947503633944615,0.004368099166304264
JVASP-22720,Ba2SbAu,225,3,1,0.46408980499469754,2.754649571153954,2.6241567147252662,6.865207573405096,0.004134579109101492,0.005328366925607148
JVASP-23440,Sr2AsAu,225,3,1,0.40493515332183794,2.5472389261439434,3.799877847784017,4.013895046891366,0.002555449971194267,0.006424486541548017
JVASP-26224,Na3In2Au,227,3,1,0.4917528625153027,0.8143505674862049,0.10219242588917155,49.201831680957504,0.003648759198441015,0.025249075359915402
JVASP-26325,AgSbO3,148,3,4,0.3874597394302268,1.4832041731943422,0.08804686339218082,34.79593679694213,0.0006466975171613167,0.012533815593379285
JVASP-26325,AgSbO3,148,3,5,0.38640441243849544,1.4836264440647038,0.08804686339218082,34.81485919150944,0.0006466975171613167,0.012533815593379285
JVASP-26528,Rb2IrF6,164,3,4,0.22067658303520865,0.5726415241525791,0.11930863164123906,16.101312116817528,0.04153791701155271,0.21645270528172886
JVASP-26528,Rb2IrF6,164,3,5,0.23896727003042884,0.5858659839347778,0.11930863164123906,16.122176065033724,0.04153791701155271,0.21645270528172886
JVASP-27330,Rb2Na4Co2O5,136,3,1,0.07853922875545383,0.4863938161358504,0.18131300511965964,10.635650771154447,0.003957100269269142,0.021109327972795747
JVASP-27330,Rb2Na4Co2O5,136,3,84,0.11945935115726147,0.5783742433798809,0.187937200221723,23.32940163380521,0.037419639117305066,0.06922040422068546
JVASP-27330,Rb2Na4Co2O5,136,3,85,0.11213291074688359,0.5648520917312605,0.187937200221723,22.797244734321346,0.037419639117305066,0.06922040422068546
JVASP-27330,Rb2Na4Co2O5,136,3,86,0.06250200804768768,0.5087443659565007,0.21161606287508938,6.7783055214682895,0.01568432524433313,0.05758324332549574
JVASP-27330,Rb2Na4Co2O5,136,3,87,0.05921420186839832,0.5355536798015494,0.21161606287508938,6.669892755137999,0.01568432524433313,0.05758324332549574
JVASP-27766,CrAgP2S6,13,2,148,0.19852081271820676,0.6014596057816869,0.21931672871938712,2.4668285661463925,0.142754745964543,0.02608169397955513
JVASP-27766,CrAgP2S6,13,2,149,0.054674124025705595,0.5974396246635651,0.21931672871938712,2.5302074502646845,0.142754745964543,0.02608169397955513
JVASP-27889,AgClO4,111,2,1,0.19885232339724546,0.9225997556408192,0.244021193489095,12.387831146395307,0.0024631593224784675,0.013761926156941594
JVASP-27906,CrClO,59,2,44,0.4983196893956148,1.8174151911623313,1.5771311684597078,2.242615336452096,0.09894790961955284,0.0011820736370286387
JVASP-27906,CrClO,59,2,45,0.4902041402024051,1.8188032691192242,1.5771311684597078,2.3071269478177565,0.09894790961955284,0.0011820736370286387
JVASP-27940,FePSe3,162,2,1,0.29512472391004607,0.2668395804571271,0.8235503023817401,14.630030993169983,0.0801048056050052,0.9271615570885149
JVASP-27940,FePSe3,162,2,2,0.22476227847145935,0.35328055298999805,0.47916619384615444,20.167704742454788,0.1067466591689349,0.9385135129146379
JVASP-27940,FePSe3,162,2,3,0.23116958775396057,0.3516959907729642,0.47916619384615444,20.119268707514507,0.1067466591689349,0.9385135129146379
JVASP-27940,FePSe3,162,2,14,0.256812251141751,0.28553251494960574,1.2536407649925625,14.024548258535399,0.09020297959139974,0.6265555923340418
JVASP-27940,FePSe3,162,2,15,0.29680513923200635,0.28553435181785625,1.2536407649925625,14.107853107436028,0.09020297959139974,0.6265555923340418
JVASP-27971,CoCl2O8,147,2,47,0.2011335870033113,0.8414633056279953,0.377445446192783,11.935366023223093,0.17934453653517873,0.03972246327237003
JVASP-27971,CoCl2O8,147,2,48,0.25443074023857015,0.7961243968981612,0.377445446192783,12.115558391538505,0.17934453653517873,0.03972246327237003
JVASP-27971,CoCl2O8,147,2,49,0.07705261692956267,0.5866099703929571,0.5078037556606292,4.833446491446494,0.11674192302093911,0.06059848326606184
JVASP-27971,CoCl2O8,147,2,50,0.14027860360867184,0.5765762468034297,0.5078037556606292,4.779755878918036,0.11674192302093911,0.06059848326606184
JVASP-27971,CoCl2O8,147,2,52,0.08338641388545476,0.5097397469292654,0.8949433704483987,5.5338467390304125,0.08795257344273838,0.19183390243409157
JVASP-27971,CoCl2O8,147,2,53,0.061688138402421266,0.5076647069709854,0.8949433704483987,5.617030508992603,0.08795257344273838,0.19183390243409157
JVASP-27971,CoCl2O8,147,2,54,0.4557498807823614,0.559395175544472,0.2775075273208839,10.28640220826938,0.2116527848473033,0.8231639372164237
JVASP-27971,CoCl2O8,147,2,55,0.49180725764654804,0.6032419998680627,0.2775075273208839,12.52846180127638,0.2116527848473033,0.8231639372164237
JVASP-27971,CoCl2O8,147,2,70,0.23878598365125558,0.19800761731046235,2.245519441510151,2.6232045991770465,0.39834033394015295,0.7270600471338399
JVASP-27982,ZnC2S2O6F6,147,2,82,0.29640654108947095,4.226824532261518,0.7577278389562171,9.732334850230881,0.003274549920134573,0.01496904777914573
JVASP-27982,ZnC2S2O6F6,147,2,83,0.289780012699395,4.230792065652272,0.7577278389562171,9.936476616938416,0.003274549920134573,0.01496904777914573
JVASP-28027,Bi4Te3S8,147,2,52,0.41911458566751136,1.704134141804514,0.11163949273382023,51.64440030660589,0.00110210140989762,0.010924664378583256
JVASP-28027,Bi4Te3S8,147,2,53,0.4179103710107501,1.705094173819167,0.11163949273382023,51.69343855226947,0.00110210140989762,0.010924664378583256
JVASP-28065,AgBiP2Se6,143,2,1,0.1834731816308306,1.3107320747629396,0.7750060077529923,34.10591777651029,0.000739408940135442,0.006494569836393718
JVASP-28065,AgBiP2Se6,143,2,2,0.11943429340859879,1.086935199949785,0.7750060077529923,31.582503549803562,0.001105686840526976,0.029218405917380775
JVASP-28065,AgBiP2Se6,143,2,3,0.11953505010895071,1.0872904785068704,0.7750060077529923,31.570245267446516,0.001105686840526976,0.029218405917380775
JVASP-28065,AgBiP2Se6,143,2,14,0.4981265049952075,1.6972266823639537,0.15233407724627135,41.48194053424375,0.0015116185883383326,0.006742281237211535
JVASP-28065,AgBiP2Se6,143,2,15,0.4919023409153045,1.6936498255234147,0.15233407724627135,41.6093766105949,0.0015116185883383326,0.006742281237211535
JVASP-28065,AgBiP2Se6,143,2,16,0.3402397749621713,0.8039312115320482,0.7954801243864829,32.516511965455216,0.009988520904046195,0.047683821002787646
JVASP-28065,AgBiP2Se6,143,2,17,0.34636614429682666,0.8035847323239742,0.7954801243864829,32.39064431724333,0.009988520904046195,0.047683821002787646
JVASP-28153,HgF,123,2,1,0.012067112457916807,1.4594390980617686,0.489684793068756,6.511022708725226,0.0012286952473237777,0.022399822482460828
JVASP-28153,HgF,123,2,2,0.06468239193291936,0.661280479906392,0.21777259869408283,12.184552158295821,0.0007379672780720059,0.1158308684690523
JVASP-28153,HgF,123,2,3,0.06442107198130387,0.6613821841476548,0.21777259869408283,12.198368011630734,0.0007379672780720059,0.1158308684690523
JVASP-28153,HgF,123,2,4,0.007872883803646147,0.6064529879635892,0.06128395744381443,9.99608500466379,0.0014455952702632602,0.0006120815683483392
JVASP-28153,HgF,123,2,5,0.0088605982864145,0.6066159524816949,0.06128395744381443,10.01130303015192,0.0014455952702632602,0.0006120815683483392
JVASP-28153,HgF,123,2,6,0.1533887185215015,1.4318260214138618,0.06128395744381443,9.670504501093252,0.004358803573539446,0.00020410139220496806
JVASP-28153,HgF,123,2,7,0.19256733221958378,1.4311060917362286,0.06128395744381443,9.670486135414382,0.004358803573539446,0.00020410139220496806
JVASP-28153,HgF,123,2,12,0.10457480228172855,1.1247592303851701,0.11750611359900809,11.143494574221453,0.0011059032150847637,0.0031692035698601797
JVASP-28153,HgF,123,2,13,0.09925803600956051,1.1250582857286018,0.11750611359900809,11.189504980585376,0.0011059032150847637,0.0031692035698601797
JVASP-28153,HgF,123,2,14,0.162318643748252,1.0360811969582855,0.05876257721500977,7.911488490966467,0.004780077874343455,0.00025528436864837554
JVASP-28153,HgF,123,2,15,0.19583276552455864,1.0352832208647236,0.05876257721500977,7.874136376593958,0.004780077874343455,0.00025528436864837554
JVASP-2817,K4IrO4,12,3,25,0.2217045064393215,0.7249269020574729,0.0781593675894181,10.558150829340667,0.3973553125349153,0.928015975080414
JVASP-2817,K4IrO4,12,3,26,0.10077754714456888,0.6081831731020036,0.0781593675894181,18.23367713030411,0.1801497381529132,0.5391177254903741
JVASP-2817,K4IrO4,12,3,26,0.10077754714456888,0.6081831731020036,0.09172228443342445,18.23367713030411,0.1801497381529132,0.5391177254903741
JVASP-2817,K4IrO4,12,3,27,0.11890891964577266,0.6069415979814163,0.09172228443342445,18.074983768977997,0.1801497381529132,0.5391177254903741
JVASP-2817,K4IrO4,12,3,27,0.11890891964577266,0.6069415979814163,0.0781593675894181,18.074983768977997,0.1801497381529132,0.5391177254903741
JVASP-2817,K4IrO4,12,3,28,0.23260219645206592,0.5720624118586557,0.0781593675894181,13.717873132705451,0.3139061150471507,0.3657985075828803
JVASP-2817,K4IrO4,12,3,28,0.23260219645206592,0.5720624118586557,0.09172228443342445,13.717873132705451,0.3139061150471507,0.3657985075828803
JVASP-2817,K4IrO4,12,3,29,0.13757762069719437,0.5540174019915403,0.09172228443342445,16.790069122896362,0.35409041453837575,0.674784934338599
JVASP-2817,K4IrO4,12,3,30,0.13250321333152648,0.5706155437110139,0.2316251766129529,16.951437684986146,0.1941033617156972,0.16811979749899886
JVASP-2817,K4IrO4,12,3,31,0.24799251242257414,0.5459040374957023,0.2316251766129529,13.03190265774148,0.1941033617156972,0.16811979749899886
JVASP-28223,FeC2O6,147,2,42,0.23425171183823235,0.9583617742429453,0.44270209595595933,10.408106326144853,0.12094727134070242,0.020405488484349275
JVASP-28223,FeC2O6,147,2,43,0.21484467487477144,0.9596084843058461,0.44270209595595933,10.101458632353726,0.12094727134070242,0.020405488484349275
JVASP-28223,FeC2O6,147,2,44,0.3672584326537822,0.856011451046319,0.6331245356362203,7.818331623414532,0.22265908949465094,0.04536860733522289
JVASP-28223,FeC2O6,147,2,45,0.31571360307285623,0.8557425205040841,0.6331245356362203,7.3112530893198775,0.22265908949465094,0.04536860733522289
JVASP-31361,PdSe6Cl2,2,2,1,0.23426192379346844,2.322600783270054,0.2946344497936586,18.76942162141899,0.0055986505534823625,0.004825904960012556
JVASP-31361,PdSe6Cl2,2,2,6,0.10864806382582692,0.4175516281994621,0.28007606619440395,19.032514025858237,0.0032071961202614742,0.02617762480516304
JVASP-31361,PdSe6Cl2,2,2,7,0.10548637245963377,0.4158504315811925,0.28007606619440395,18.950593772197685,0.0032071961202614742,0.02617762480516304
JVASP-31377,NbBr2O,25,2,44,0.15160054734863282,1.2195090691695176,0.7861312042937869,13.933060780389273,0.003943864016365378,0.002715480811278852
JVASP-31377,NbBr2O,25,2,45,0.15608571848559283,1.2202835927003999,0.7861312042937869,13.899051186698868,0.003943864016365378,0.002715480811278852
JVASP-34485,ZrCoF6,225,3,41,0.20670012407458405,0.7252976717427241,0.25868035737431905,3.042298335120022,0.07767406541313812,0.006351720173935558
JVASP-34485,ZrCoF6,225,3,42,0.24034984754431832,0.7256507784104907,0.25868035737431905,4.078680812275585,0.07767406541313812,0.006351720173935558
JVASP-34485,ZrCoF6,225,3,44,0.40922856232917626,0.3699918393445883,0.7291879575881717,3.0035600657965,0.2837609972400462,0.005132669157368522
JVASP-34485,ZrCoF6,225,3,45,0.4210624265628411,0.36856957382066236,0.7291879575881717,2.402387552840864,0.2837609972400462,0.005132669157368522
JVASP-34818,NiPb2N6O12,225,3,134,0.10519494464283596,0.35283176975858527,4.797374314234959,1.3766657039883186,0.0036316637138010554,0.2932439639727833
JVASP-35289,TbInPt4,216,3,70,0.20986027679438024,0.8305551961771451,0.05140151440813767,1.899998258121015,0.028935333276924328,0.008612666166395477
JVASP-35414,ZnPd5Se,123,3,1,0.4466283206744386,0.3840778843866746,6.5475425078226115,1.2152286549433944,0.000520014234896406,0.04258703676807357
JVASP-35528,CdAg2I4,121,3,8,0.3347579441614914,2.846633292860905,0.1438662917889586,31.99671566451708,0.013887419184623365,0.006586500924929384
JVASP-35528,CdAg2I4,121,3,9,0.333993015971052,2.86152046001858,0.1438662917889586,31.593925886349655,0.013887419184623365,0.006586500924929384
JVASP-35707,HfPt3,221,3,46,0.4243573749844458,0.3510626004154359,3.755653177916635,2.037903047222816,0.029831747864814143,0.031089256800526592
JVASP-35832,Ca2H3Br,164,3,1,0.3413828600247726,0.11257980783485565,9.244645462704938,1.0504636724376963,0.00035539683514806915,0.2877937076288442
JVASP-36449,Sr3BiP,221,3,2,0.04283953051632139,0.009242157725521625,1.4088403342137665,1.0126946271435324,0.005402178763794548,0.8126502846823205
JVASP-36449,Sr3BiP,221,3,3,0.042949326139098076,0.009244050839661557,1.4088403342137665,1.0127030883252848,0.005402178763794548,0.8126502846823205
JVASP-36451,Sr3AsP,221,3,2,0.08333530778992237,0.021113474235781117,0.6597922151995386,1.036967322320306,0.005105924563253218,0.7095709192608705
JVASP-36451,Sr3AsP,221,3,3,0.08365470667801045,0.021007176957412495,0.6597922151995386,1.0367431074976992,0.005105924563253218,0.7095709192608705
JVASP-36462,Ca3BiAs,221,3,2,0.3083962976025232,2.23932979092226,0.11244695226207835,2.162486114364971,0.007627026763294649,0.0018836165596055785
JVASP-36462,Ca3BiAs,221,3,3,0.3024986412733517,2.2394446618682573,0.11244695226207835,2.159952517133612,0.007627026763294649,0.0018836165596055785
JVASP-36463,Ca3Sb2,221,3,2,0.10883642728131537,1.445513360484986,0.8158944513796547,1.6422371713091017,0.000679257697539988,0.012571166542301544
JVASP-36463,Ca3Sb2,221,3,3,0.10866969031479456,1.4453907613030075,0.8158944513796547,1.6418732391832365,0.000679257697539988,0.012571166542301544
JVASP-36464,Ca3P2,221,3,2,0.12937943455356926,2.850766083748242,0.587038002491262,2.1322798904575655,0.0036250931914712124,0.001430677592939334
JVASP-36464,Ca3P2,221,3,3,0.14772856318142136,2.8510164959954007,0.587038002491262,2.1308722900807764,0.0036250931914712124,0.001430677592939334
JVASP-36466,Ba3BiN,221,3,1,0.2731589990764851,2.1787435880188877,6.164409176560363,4.290653371893324,0.000658061142280159,0.012350250651927167
JVASP-36473,Ba3SbN,221,3,1,0.345497732829549,2.26541111081579,5.510423823253287,2.0626093005799824,0.00042251542066050067,0.0071156113944653215
JVASP-36486,Sr3BiSb,221,3,1,0.1839934411078019,2.2325487709795064,0.14016349579390752,2.0469015274606375,0.002189680634761288,0.004195758288681638
JVASP-36493,Ba3BiP,221,3,1,0.16552076344784883,1.3365445520504131,0.05009084949760911,1.4598936080726315,0.001415973890175518,0.014698394361178237
JVASP-36495,Ca3BiSb,221,3,2,0.13040010336741137,2.7083964700205883,2.4451751982231444,2.1234516225063054,0.0013554342938166305,0.005195224192056087
JVASP-36495,Ca3BiSb,221,3,3,0.13033114226401477,2.708486196875434,2.4451751982231444,2.122941911600336,0.0013554342938166305,0.005195224192056087
JVASP-36496,Sr3BiAs,221,3,2,0.0343340519695019,0.0789258312429903,0.5143131804715404,1.0306314170961972,0.0011931046467367288,0.16570139832426556
JVASP-36496,Sr3BiAs,221,3,3,0.03432002254288857,0.07891395249403638,0.5143131804715404,1.0306292427253563,0.0011931046467367288,0.16570139832426556
JVASP-36497,Sr3BiSb,221,3,2,0.0868551075327133,2.537557396569321,2.1213923609140455,1.958931058432134,0.0017405649120227522,0.001840895985850085
JVASP-36497,Sr3BiSb,221,3,3,0.10533688531316088,2.537134730558152,2.1213923609140455,1.958067974673333,0.0017405649120227522,0.001840895985850085
JVASP-36504,Ba3BiP,221,3,2,0.031665719022041294,0.008302498438735172,1.0696173333380106,1.0073636221629794,0.00210539724780227,0.6442088769049181
JVASP-36504,Ba3BiP,221,3,3,0.03164376306281902,0.008311458190986136,1.0696173333380106,1.0073824947936734,0.00210539724780227,0.6442088769049181
JVASP-36506,Ba3BiAs,221,3,2,0.04360896310176443,0.017744486396295,0.3029469933423208,1.009301794819039,0.0027167385361570213,0.6232220734165168
JVASP-36506,Ba3BiAs,221,3,3,0.04358815589215581,0.017780134534259806,0.3029469933423208,1.009354544432309,0.0027167385361570213,0.6232220734165168
JVASP-36507,Ba3BiSb,221,3,2,0.05824838473841254,0.8422446252558389,1.246757685241894,1.2813127044217527,0.0010519878853231075,0.0038977389395627904
JVASP-36507,Ba3BiSb,221,3,3,0.05839869008202392,0.8422125237982392,1.246757685241894,1.281235382127355,0.0010519878853231075,0.0038977389395627904
JVASP-36510,Ca3BiSb,221,3,1,0.35343229853834757,2.3946850385347505,0.11253764673040045,2.4478088936602402,0.0011382396137384612,0.004465899560750741
JVASP-36511,Ba3AsN,221,3,1,0.24050664399162702,2.984303842810181,6.741246610237653,2.0370496575746486,0.00226637363818354,0.00499819370042523
JVASP-36512,Ca3Bi2,221,3,2,0.06495109041801772,2.6687080134936783,0.8904030486832708,2.0383939371115773,0.001479274818377153,0.0009961685458080858
JVASP-36512,Ca3Bi2,221,3,3,0.07000867832748181,2.6685366572168996,0.8904030486832708,2.0375604932006217,0.001479274818377153,0.0009961685458080858
JVASP-36598,HfHgO3,221,3,46,0.3033418353230459,2.7265799712017875,0.4849401874273198,2.12664638487517,0.0006397000003322391,0.0026461280389309654
JVASP-36680,CaWN3,12,3,1,0.3455805778512553,2.534422945002061,0.4385279246002387,8.979521546530613,0.0005370107058378354,0.007231503328971268
JVASP-36689,SrWN3,1,3,1,0.4111868029164385,0.6811835312303729,0.5264017640543011,9.822861246353252,0.015852470445791432,0.08213136941535397
JVASP-36700,BaWN3,12,3,1,0.21601853543267513,2.3649930509543444,0.9557446221957204,9.059992922532258,0.000866638285915651,0.010466198263640161
JVASP-37907,Ba2AgSb,225,3,1,0.41606301701014115,2.7430584529127993,3.243559706668672,8.430109853731818,0.004121037141833899,0.014039005874824751
JVASP-38100,Rb2NaTlCl6,225,3,1,0.35212244376882396,2.5249145916640625,2.129671298449134,5.882601654772717,0.00012002874055829101,0.00969851088987359
JVASP-38116,Rb2LiTlCl6,225,3,1,0.4860814542611456,2.4868003526991265,1.9434495011733963,5.822659631800258,2.350507989314776e-05,0.0071595393558371336
JVASP-38303,RbNa2Sb,225,3,1,0.44507250250768493,3.00972852038148,5.1364576989959145,2.4455757899049946,0.019176503882165293,0.010482333815374686
JVASP-38635,KF2,136,3,1,0.30549376947490003,1.3250401377900511,1.2199418514519103,8.192848049487493,0.10961718520721837,0.01609625139159134
JVASP-38635,KF2,136,3,22,0.32663753704969256,1.4321316449247699,1.3218279472686043,8.501681146488291,0.12621285395041493,0.015569044741233764
JVASP-38635,KF2,136,3,23,0.322118786090007,1.4027667805346695,1.3218279472686043,8.201910265652623,0.12621285395041493,0.015569044741233764
JVASP-38655,K2PtC2,164,3,1,0.4741009879216378,3.1764716945351767,4.719123579231811,2.993238275053419,0.0027827020536438925,0.0014731166961669115
JVASP-39092,Si2OsRu,225,3,38,0.0850236817815535,1.2657162643925834,1.0820802310867492,1.2916094858059044,0.004403800197669342,0.0025219576316103404
JVASP-39996,Ba2HgPb,225,3,12,0.39008680357400516,3.744272589157374,0.665615512243972,9.545636402091159,0.002775252980991569,0.0040194412085835
JVASP-39996,Ba2HgPb,225,3,13,0.38812376837093865,3.744059655518048,0.665615512243972,9.546074443288315,0.002775252980991569,0.0040194412085835
JVASP-40117,AgBr,216,3,1,0.23179252060415045,1.3738529463029392,10.118754597883154,1.9625303008044204,0.0022558493483953793,0.004258394319429406
JVASP-40227,Ca2AsAu,225,3,1,0.49535342086154,2.7881732719603516,4.032245721507634,8.058786583288079,0.0019726423410161057,0.003557706747350949
JVASP-40299,Sr2BiAu,225,3,1,0.35537679877749895,2.6958839403116555,4.448025716453523,6.048548683516459,0.0039257200183038035,0.0037946670014055105
JVASP-40348,TaAlFe2,225,3,42,0.4125142524046552,0.9161358038152279,0.37665421070508387,2.039788297101785,0.014197619345149015,0.0039577954612382135
JVASP-40398,Rb2Hf2O5,123,3,1,0.24381878489667397,1.9248514669966923,0.08999972914309406,2.961260138783236,0.0011900648057252944,0.00477317329728237
JVASP-40403,Be2RuAu,225,3,38,0.050033724681313174,0.019118555566166227,1.2013871221961487,1.0203499283370254,0.08375149798064216,0.9547423531113691
JVASP-40522,Ca2BiAu,225,3,1,0.44257212323389883,2.661201671977432,4.588517305893312,8.623981085512893,0.004402800105072314,0.003182740156046079
JVASP-40763,KBaP,216,3,1,0.4032058619281047,1.2410543996132208,6.1293915649232185,6.775867761270001,0.006524530134524157,0.011463199482466876
JVASP-40858,Ba2BiAu,225,3,1,0.38161783876482325,2.703548429112061,4.208453292027336,6.500047902107109,0.0032868280059580733,0.01783047849919885
JVASP-41249,HfGaRu2,225,3,42,0.2065262032336932,0.11687651657079212,1.087973319495113,1.2578759959284203,0.012469541860278646,0.14551649130210725
JVASP-41780,Ba2AsAu,225,3,1,0.40728816426131687,2.1481989461277022,3.4855340835037545,3.1382286718755465,0.0024011633934339577,0.0026636755535611096
JVASP-41892,TaAlOs2,225,3,42,0.214723702015295,0.14028978023760702,0.7444875419135535,1.0637758836959648,0.011745965432840764,0.011211610724273041
JVASP-41948,Rb2Zr2O5,123,3,1,0.10940281807858665,1.706059099401003,0.11323485016453638,2.6621280430307235,0.00024409491053069548,0.015293566301327806
JVASP-4438,CrSiTe3,148,3,14,0.19273679559260837,0.24979540779101483,1.102517693484331,14.990608553014834,0.055930554446262826,0.6653279306469664
JVASP-4438,CrSiTe3,148,3,15,0.188136184082065,0.24746320254653092,1.102517693484331,14.6882883159647,0.055930554446262826,0.6653279306469664
JVASP-4456,Nb2CS2,166,3,1,0.46665884387432044,0.17644586629766085,4.100962361043454,1.2497635971610703,0.011388326581703948,0.17726353042607385
JVASP-44705,MnSb4O12,1,3,114,0.458439324909957,0.1062726188130342,1.2409561483573412,2.7672523181554727,0.1866731272351469,0.7451165053478036
JVASP-4501,VAgP2Se6,5,3,1,0.24673869007301086,1.1729643026983723,0.7735444742071955,29.965828435772572,0.0055268003925313955,0.005192293485082777
JVASP-4501,VAgP2Se6,5,3,2,0.31197525704032536,0.6467284731860508,0.6274848274000746,26.931541938048856,0.024396826135352323,0.2541909077186185
JVASP-4501,VAgP2Se6,5,3,3,0.28821289329865607,0.6460319221156577,0.6274848274000746,25.582874728434188,0.024396826135352323,0.2541909077186185
JVASP-4501,VAgP2Se6,5,3,14,0.4479436510938646,0.7870671504939336,1.2874899153481802,18.392707735687168,0.006345207062245711,0.007124736668350743
JVASP-4501,VAgP2Se6,5,3,15,0.45181747358927904,0.7869606493758282,1.2874899153481802,18.935631370228766,0.006345207062245711,0.007124736668350743
JVASP-51203,ReRuBr,216,3,1,0.3707217142459118,1.081525718403573,9.456646949969237,3.230815640202236,0.008695390688268825,0.015088702271242729
JVASP-51208,LiTaBe,216,3,20,0.22967237741669244,0.21940987615036678,0.45528625395433053,2.3046294986971643,0.037457718265878265,0.046820101759915654
JVASP-5311,HgPS3,2,3,2,0.2777240576501221,0.19220774391082632,0.6241581222622052,22.245509585189627,0.000913154050478154,0.2926056747922503
JVASP-5311,HgPS3,2,3,3,0.27758451373907,0.19206693699309557,0.6241581222622052,22.207199086725474,0.000913154050478154,0.2926056747922503
JVASP-5314,UCl5,2,3,60,0.006501581342464258,0.6816623437865348,0.3529196815369513,19.21201129862012,0.008366718688578918,0.034375633198818395
JVASP-5314,UCl5,2,3,61,0.00894637342362059,0.6790112140018763,0.3529196815369513,20.842931469405197,0.008366718688578918,0.034375633198818395
JVASP-5335,NbSe2Cl2,2,3,4,0.14821460842754064,1.9527560034568208,0.24269399645971568,15.873166440639753,0.00015446809908704374,0.00780238129894604
JVASP-5335,NbSe2Cl2,2,3,5,0.14822763099521907,1.952973162991381,0.24269399645971568,16.002796008469417,0.00015446809908704374,0.00780238129894604
JVASP-5335,NbSe2Cl2,2,3,6,0.17718255279452677,2.076749785473165,0.24269399645971568,17.83170653967369,0.0001661467056931422,0.005464932746330232
JVASP-5335,NbSe2Cl2,2,3,7,0.1772539600544789,2.0769075865785593,0.24269399645971568,17.95666279283258,0.0001661467056931422,0.005464932746330232
JVASP-5335,NbSe2Cl2,2,3,52,0.38351795742615247,2.3169575610736093,0.2749744170126003,16.990579814518775,0.0003760422137737852,0.004472915552469617
JVASP-5335,NbSe2Cl2,2,3,53,0.3834601312100294,2.317008156429078,0.2749744170126003,17.00382815670987,0.0003760422137737852,0.004472915552469617
JVASP-5335,NbSe2Cl2,2,3,54,0.477910035761254,2.6323313243465667,0.13140332484849004,22.50147266258616,0.00030924943739680274,0.007150200210778224
JVASP-5335,NbSe2Cl2,2,3,55,0.47837162839351244,2.63252926668799,0.13140332484849004,22.476925897225613,0.00030924943739680274,0.007150200210778224
JVASP-5365,CrCl3,12,3,56,0.2605285633999497,0.9636199642225053,2.4396843286197907,2.285480471906063,0.06946010515126401,0.0035868692387251476
JVASP-5365,CrCl3,12,3,57,0.12550625381889446,0.9617513450945725,2.4396843286197907,2.2986816195393547,0.06946010515126401,0.0035868692387251476
JVASP-5365,CrCl3,12,3,58,0.3904869640492006,0.9754512287828181,2.4396843286197907,2.1873423510162797,0.09184802261576493,0.0013929595545693618
JVASP-54664,ScIr3C,221,3,1,0.4011923685466128,0.05273691213212261,3.848466426932706,1.1246222810783797,0.014543675544480085,0.786318637769625
JVASP-54890,RbW3Cl9,147,3,158,0.2705441340078054,0.6266615092421943,0.20754526724267297,25.758473698962348,0.2315352685085979,0.8316024310627206
JVASP-54890,RbW3Cl9,147,3,159,0.26507936558245593,0.6309108349994619,0.20754526724267297,23.313140570853083,0.2315352685085979,0.8316024310627206
JVASP-56172,Mg3Si8Ir3,216,3,1,0.49469396560407386,0.4604907548807128,0.48240416812235143,48.766859275814,0.0047655234094041415,0.010712311376738623
JVASP-5668,TaCl4,12,3,48,0.05382282015183937,0.1787533446232617,1.045536435554361,8.281249823591914,0.0012071615332875517,0.7905418823434482
JVASP-5668,TaCl4,12,3,49,0.05386496681790898,0.17849396082709504,1.045536435554361,8.287670421573997,0.0012071615332875517,0.7905418823434482
JVASP-5668,TaCl4,12,3,50,0.4646397591624001,0.26563364756468366,0.05743187657871074,14.92495605780755,0.000555736643251515,0.7736339217668101
JVASP-5668,TaCl4,12,3,51,0.46458487917209634,0.2658379346656797,0.05743187657871074,14.93597150276054,0.000555736643251515,0.7736339217668101
JVASP-5668,TaCl4,12,3,56,0.22353553937967696,0.42074676007676026,0.09635669328668683,17.814122479924755,0.0016043764037316454,0.06866358240774473
JVASP-5668,TaCl4,12,3,57,0.22185153233250698,0.42060041639912,0.09635669328668683,17.81828393888022,0.0016043764037316454,0.06866358240774473
JVASP-5668,TaCl4,12,3,58,0.3702433503146487,0.21791672165314782,0.178971983389272,11.277740387382519,0.024695071477504802,0.321893930021762
JVASP-5668,TaCl4,12,3,59,0.35354336445112367,0.21865450095435207,0.178971983389272,11.406959610221211,0.024695071477504802,0.321893930021762
JVASP-5668,TaCl4,12,3,60,0.42530133196773523,0.5483779953877393,0.178971983389272,13.670890498911012,0.009187318880992001,0.02474149888719429
JVASP-5668,TaCl4,12,3,61,0.40561262006123044,0.5479316510909182,0.178971983389272,13.644460941315781,0.009187318880992001,0.02474149888719429
JVASP-5743,Nb3Cl8,164,3,108,0.2029907060944609,0.42595687566853563,0.11102571442181874,25.1742264881574,0.06530924654494258,0.029622547762301957
JVASP-5743,Nb3Cl8,164,3,109,0.2850717245622447,0.43164972589300665,0.11102571442181874,23.80002669789996,0.06530924654494258,0.029622547762301957
JVASP-5743,Nb3Cl8,164,3,110,0.20240946797691883,0.42143241194925907,0.10171971687794468,24.19116741258348,0.06275164952385937,0.024969458161381516
JVASP-5743,Nb3Cl8,164,3,111,0.28939310475752134,0.42786323964690914,0.10171971687794468,22.837823253903444,0.06275164952385937,0.024969458161381516
JVASP-5839,AlSiTe3,162,3,14,0.3878474245213367,1.9916885222748002,0.33925951281611866,20.876132099748716,0.0008309084979332172,0.014702975251432389
JVASP-5839,AlSiTe3,162,3,15,0.3874851066894084,1.9918654401711704,0.33925951281611866,20.873307406306548,0.0008309084979332172,0.014702975251432389
JVASP-5887,CdBr2,164,2,4,0.39374706659481973,11.175710153283354,0.4835696389162347,17.362826143619333,0.002206122735560018,0.01873442277975004
JVASP-5887,CdBr2,164,2,5,0.3959118960085011,11.1717330863963,0.4835696389162347,17.572222600191605,0.002206122735560018,0.01873442277975004
JVASP-5905,BCl3,189,2,1,0.29163057937227244,0.01099756545907819,1.5975268289674585,6.633083672168063,0.005836334263615016,0.13407396872686383
JVASP-5905,BCl3,189,2,6,0.08126441853980104,0.0008521116158924315,1.1029417217523534,5.950332800656246,0.010005747424589444,0.03483078678352593
JVASP-5905,BCl3,189,2,7,0.10529630391489064,0.0007343410523766773,1.1029417217523534,5.949643877577819,0.010005747424589444,0.03483078678352593
JVASP-5905,BCl3,189,2,18,0.19977776132436453,0.850865487126377,1.550905149074261,2.7970942384726816,0.0006791219948385555,0.009232863749202454
JVASP-5905,BCl3,189,2,19,0.1980757995081912,0.8508619606869683,1.550905149074261,2.7966413538900667,0.0006791219948385555,0.009232863749202454
JVASP-5968,SbI3,162,2,26,0.22347902722288993,6.451865720768138,0.0844447928866705,50.941323500310126,0.00011673040430015769,0.02613287643195199
JVASP-5968,SbI3,162,2,27,0.22364949732125528,6.44982274706462,0.0844447928866705,50.94291459149445,0.00011673040430015769,0.02613287643195199
JVASP-5968,SbI3,162,2,28,0.21691136844700232,4.652631220954061,0.06774313712005853,44.92502678428807,0.00015430738905653217,0.02122376001546348
JVASP-5968,SbI3,162,2,29,0.21693100918956976,4.662009768008783,0.06774313712005853,44.93403760214338,0.00015430738905653217,0.02122376001546348
JVASP-5968,SbI3,162,2,52,0.37008482922454067,4.694549573684011,0.07739827290032197,33.46477304848551,0.00022104924038160987,0.031318750741481646
JVASP-5968,SbI3,162,2,53,0.37029018380327217,4.693464735448252,0.07739827290032197,33.46150680174753,0.00022104924038160987,0.031318750741481646
JVASP-6004,BBr3,189,2,6,0.1490228665505846,1.4835585978336743,1.9987144327190283,8.592032186230366,0.0008712531138603174,0.004430639436672662
JVASP-6004,BBr3,189,2,7,0.1494996655483476,1.4835731831466155,1.9987144327190283,8.615628978901524,0.0008712531138603174,0.004430639436672662
JVASP-6004,BBr3,189,2,8,0.1426931454832534,2.23074914379626,0.052937876282721064,14.980785662692712,0.0021195641712743376,0.009092834075981224
JVASP-6004,BBr3,189,2,9,0.14507805102545035,2.227466682702297,0.052937876282721064,14.968904120926751,0.0021195641712743376,0.009092834075981224
JVASP-6004,BBr3,189,2,10,0.2207581845260922,2.475848777222089,0.052937876282721064,13.23654350281359,0.0019661553503414896,0.006626589809658807
JVASP-6004,BBr3,189,2,11,0.22154080069388193,2.4825804347472484,0.052937876282721064,13.217546442755562,0.0019661553503414896,0.006626589809658807
JVASP-6004,BBr3,189,2,12,0.11320567379375746,0.011589069565244286,0.9114256233580793,6.103947546959728,0.0031824887471124264,0.09308727571391587
JVASP-6004,BBr3,189,2,13,0.10655233633245942,0.011468472685462517,0.9114256233580793,6.1044137288397575,0.0031824887471124264,0.09308727571391587
JVASP-6004,BBr3,189,2,22,0.4536191617008951,3.8126587972034423,0.20505626887194772,8.122536472223493,0.006559765143435079,0.00034532618055255486
JVASP-6004,BBr3,189,2,23,0.44795317135728663,3.7630285330891526,0.20505626887194772,8.097599228383219,0.006559765143435079,0.00034532618055255486
JVASP-6004,BBr3,189,2,24,0.24591227367029767,0.5118517694431997,1.5689365686397556,2.96944075419602,0.0015661343321064774,0.0030667667399157843
JVASP-6004,BBr3,189,2,25,0.24596439575621698,0.5118348996220445,1.5689365686397556,2.9670033634338715,0.0015661343321064774,0.0030667667399157843
JVASP-6004,BBr3,189,2,26,0.43194541061409514,1.4444767002029049,0.7444724185054055,15.720246558045753,0.011230843173214553,0.0035389797883102854
JVASP-6004,BBr3,189,2,27,0.4494999859275996,1.4454935716699844,0.7444724185054055,15.749336395757323,0.011230843173214553,0.0035389797883102854
JVASP-60236,Nb2O5,12,2,28,0.1289853675893795,3.1987007876222826,0.16031530748715728,8.756007317432953,0.0002661225892805863,0.005045987012787686
JVASP-60236,Nb2O5,12,2,29,0.12875047340024803,3.195791616987501,0.16031530748715728,8.764413219871368,0.0002661225892805863,0.005045987012787686
JVASP-60236,Nb2O5,12,2,30,0.3882794040420787,3.200039425044404,0.8396894314981833,5.900678565692111,0.0003080817420105944,0.0017633843211695879
JVASP-60236,Nb2O5,12,2,31,0.38816255379932674,3.2003915424906593,0.8396894314981833,5.897206739514075,0.0003080817420105944,0.0017633843211695879
JVASP-60236,Nb2O5,12,2,32,0.3123389576805762,2.7360852256718373,0.2592063220968779,9.681063105925636,0.0004850431330329763,0.008322716879622008
JVASP-60236,Nb2O5,12,2,33,0.31221506706925295,2.7346995615683323,0.2592063220968779,9.685983114059148,0.0004850431330329763,0.008322716879622008
JVASP-60237,Te2Au,164,2,8,0.4899367709486304,2.991788113588906,0.13103912814627083,18.297580409525608,0.0021724835099558746,0.054823966354377134
JVASP-60237,Te2Au,164,2,9,0.48833840015846874,2.990813494447446,0.13103912814627083,18.256421426742293,0.0021724835099558746,0.054823966354377134
JVASP-60237,Te2Au,164,2,10,0.34725953704849744,3.8828175343172644,0.06632004814301062,15.886141861986044,0.0029992682048622637,0.023696709740738165
JVASP-60237,Te2Au,164,2,11,0.3450006612012828,3.891904323273893,0.06632004814301062,15.883185446800447,0.0029992682048622637,0.023696709740738165
JVASP-60241,Ge3Sb2O9,174,2,16,0.09493369093682524,2.554898796211477,0.06277649042662503,35.29837474453497,0.015544959061875642,0.0055619092063491
JVASP-60241,Ge3Sb2O9,174,2,17,0.11737609782018055,2.52963991544176,0.06277649042662503,34.79569122941566,0.015544959061875642,0.0055619092063491
JVASP-60241,Ge3Sb2O9,174,2,18,0.31276190358345346,2.4759980000017343,0.1466032036074445,12.790042572020303,0.0043233744097010505,0.006749468409735531
JVASP-60241,Ge3Sb2O9,174,2,19,0.3214128164754815,2.470714995298551,0.1466032036074445,12.880151347124636,0.0043233744097010505,0.006749468409735531
JVASP-60241,Ge3Sb2O9,174,2,20,0.138301142076231,3.2596028618181423,0.32571929751357587,43.41715583239465,0.00501050653462189,0.022131346206311808
JVASP-60241,Ge3Sb2O9,174,2,21,0.1417093942268952,3.258277195336939,0.32571929751357587,43.351461952246616,0.00501050653462189,0.022131346206311808
JVASP-60241,Ge3Sb2O9,174,2,56,0.036535713331755204,4.334540029567212,0.25746994888299035,35.219298312513345,0.003241940865624743,0.0006014076246458556
JVASP-60241,Ge3Sb2O9,174,2,57,0.037322807774690325,4.3355896722301885,0.25746994888299035,35.103920064136354,0.003241940865624743,0.0006014076246458556
JVASP-60241,Ge3Sb2O9,174,2,58,0.39740162655985656,2.1580106438837037,0.1415618394922985,17.97896074718708,0.07811335585432279,0.0025244757187925034
JVASP-60241,Ge3Sb2O9,174,2,59,0.30157311730671,2.34750768329408,0.1415618394922985,17.824258953402243,0.07811335585432279,0.0025244757187925034
JVASP-60261,CuBr,187,2,1,0.1119253461903682,0.07184309069161104,9.622117407795615,3.151234308609692,0.006542902011957226,0.4342223762916368
JVASP-60261,CuBr,187,2,6,0.029585171270997357,1.8474124999724593,0.6936962074276636,2.8738962637354915,0.011438529989485849,0.0004256618736069688
JVASP-60261,CuBr,187,2,7,0.057514202984720875,1.8453758684622081,0.6936962074276636,2.877260581127709,0.011438529989485849,0.0004256618736069688
JVASP-60280,UBr4,12,2,14,0.03238240302937356,0.4889615201529786,0.4008938663529982,7.558017610462052,0.042539409630693914,0.0670184727475531
JVASP-60280,UBr4,12,2,15,0.06996364071238048,0.49032308792434354,0.4008938663529982,7.7163065676176075,0.042539409630693914,0.0670184727475531
JVASP-60280,UBr4,12,2,64,0.06151349469944023,0.9411458242249797,0.05205328388039643,16.29198122499586,0.06532867455382407,0.021375464026386487
JVASP-60280,UBr4,12,2,65,0.03716664041581108,1.1319198489739042,0.05205328388039643,14.862736499536437,0.06532867455382407,0.021375464026386487
JVASP-6031,MnI2,164,2,24,0.20889686833684684,1.5666119579413924,0.3251273185507546,4.556873226550047,0.13378211590865588,0.08951463059295177
JVASP-6031,MnI2,164,2,25,0.2512683456549829,1.5096056318707562,0.3251273185507546,5.624115571241764,0.13378211590865588,0.08951463059295177
JVASP-6034,CoBr2,164,2,24,0.4842784354252143,1.8547584123123317,0.7878675366890473,6.7265830333878505,0.18875416417392543,0.08985145259784487
JVASP-6034,CoBr2,164,2,25,0.39573315898785344,1.7891215056934504,0.7878675366890473,7.216985271096817,0.18875416417392543,0.08985145259784487
JVASP-60349,Ta3SBr7,8,2,4,0.03128521405698237,1.3339769440955087,0.1815705186922969,4.451782344770202,0.01516515311644051,0.007255656104606392
JVASP-60349,Ta3SBr7,8,2,5,0.04808523889315097,1.309060227995598,0.1815705186922969,4.640824114476708,0.01516515311644051,0.007255656104606392
JVASP-60349,Ta3SBr7,8,2,6,0.08337131351148486,0.8884355298839974,0.07582616220774696,11.538965484907378,0.00865965531887355,0.023232320211521027
JVASP-60349,Ta3SBr7,8,2,7,0.09850209331882809,0.9382322913629243,0.07582616220774696,11.425835297010456,0.00865965531887355,0.023232320211521027
JVASP-60349,Ta3SBr7,8,2,12,0.22251534885658053,0.1406431191523244,2.6278632604264693,5.3378049201927995,0.07551616057116094,0.643614882309723
JVASP-60349,Ta3SBr7,8,2,13,0.2259243315796784,0.2388622530204898,2.6278632604264693,4.92994993648615,0.07551616057116094,0.643614882309723
JVASP-60349,Ta3SBr7,8,2,62,0.10524315055344768,0.9725845355896056,0.35741639055950314,32.94123356331804,0.019650547601183736,0.04828329856117941
JVASP-60349,Ta3SBr7,8,2,63,0.10582879387174593,0.9777607464683513,0.35741639055950314,33.853018167058636,0.019650547601183736,0.04828329856117941
JVASP-60349,Ta3SBr7,8,2,68,0.11920910634476423,1.18002775531997,0.668047543484791,18.846806141190616,0.036134794446678595,0.020206568883808652
JVASP-60349,Ta3SBr7,8,2,69,0.1335099227866896,1.1918355972517287,0.668047543484791,18.930621708049465,0.036134794446678595,0.020206568883808652
JVASP-60389,CrGeTe3,162,2,14,0.06975877112360607,0.31559474156217104,1.3715417159827368,11.675021359638745,0.05376232752802837,0.7161767367106757
JVASP-60389,CrGeTe3,162,2,15,0.07411194374517827,0.310255884071959,1.3715417159827368,11.40152553075418,0.05376232752802837,0.7161767367106757
JVASP-60391,CoH2SeO4,1,2,82,0.301248588029686,0.3473495313548906,0.19318977265194892,6.64557379358734,0.06362276648343128,0.6400626337850921
JVASP-60391,CoH2SeO4,1,2,83,0.28709324318078977,0.3422689083192456,0.19318977265194892,6.614277794437357,0.06362276648343128,0.6400626337850921
JVASP-60443,CrCl3,162,2,37,0.10505667565926036,2.506281573896481,0.06205102975625998,14.669310675412884,0.03851446893114207,0.03370023531724897
JVASP-60443,CrCl3,162,2,38,0.1002296486557297,2.414809327379376,0.06205102975625998,11.92606381250488,0.03851446893114207,0.03370023531724897
JVASP-60443,CrCl3,162,2,56,0.1560473327758718,1.0604326276135272,1.041016063195333,2.256679507328247,0.09220306281258957,0.01077504873061245
JVASP-60443,CrCl3,162,2,57,0.11733166579911192,1.0604778650256863,1.041016063195333,2.27383016949073,0.09220306281258957,0.01077504873061245
JVASP-60525,VAgP2Se6,5,2,1,0.228276049708235,1.8102773041880966,0.8312270810930258,26.588550383762758,0.0009254867770474529,0.010557708292823697
JVASP-60525,VAgP2Se6,5,2,2,0.23794994850054962,0.3589033544654936,0.7256441584492457,21.01722004425618,0.013727577436352606,0.9060812862336978
JVASP-60525,VAgP2Se6,5,2,3,0.23836386094833983,0.3569822075036695,0.7256441584492457,21.390096815830027,0.013727577436352606,0.9060812862336978
JVASP-60525,VAgP2Se6,5,2,14,0.41008410045074584,0.28790322330851975,1.317286896349323,16.333879407833667,0.01589207888273249,0.5537817102242494
JVASP-60525,VAgP2Se6,5,2,15,0.40680458521542207,0.2866421879570429,1.317286896349323,16.325567992427054,0.01589207888273249,0.5537817102242494
JVASP-60525,VAgP2Se6,5,2,61,0.07958742824971976,0.9961504977493691,0.0826734084681866,4.573431091336242,0.10286808638379898,0.03744791612755949
JVASP-60525,VAgP2Se6,5,2,62,0.14153564799386142,0.9123441094973083,0.0826734084681866,8.237287086431856,0.10286808638379898,0.03744791612755949
JVASP-60529,Li2UBr6,162,2,53,0.23217309217395732,1.9473424905717183,0.05224612334740408,4.069778910681756,0.06593896242759965,0.005451960209661765
JVASP-60529,Li2UBr6,162,2,54,0.11050664764908236,1.481704378085096,0.05224612334740408,3.2207222297076905,0.06593896242759965,0.005451960209661765
JVASP-60543,GaAgP2Se6,149,2,16,0.3000852422594935,4.367828341180553,1.013915516491366,10.7281907688299,0.009410081046623935,0.002094484751024782
JVASP-60543,GaAgP2Se6,149,2,17,0.2601162489532687,4.359075408109173,1.013915516491366,10.811648268697619,0.009410081046623935,0.002094484751024782
JVASP-6055,FeCl2,164,2,20,0.18433841744239343,1.8319128748390487,0.6944154702453229,5.126538635742997,0.16214686134289102,0.02786080235298126
JVASP-6055,FeCl2,164,2,21,0.3387580941263013,1.7974887133338133,0.6944154702453229,5.535369319375436,0.16214686134289102,0.02786080235298126
JVASP-60558,YBr3,12,2,16,0.0929481062964328,4.221437417105413,0.0512581728596011,46.618607079651724,0.0063304531955958344,0.0014068338978379953
JVASP-60558,YBr3,12,2,17,0.049588213650723745,4.193919883071043,0.0512581728596011,46.529259706122446,0.0063304531955958344,0.0014068338978379953
JVASP-60578,CrP2S7,5,2,4,0.14494034667682598,0.3877837299547652,0.15363427766679827,13.233533996816547,0.03362608504850528,0.23967443550595616
JVASP-60578,CrP2S7,5,2,5,0.17543528081650983,0.3836263990403802,0.15363427766679827,13.154777954008308,0.03362608504850528,0.23967443550595616
JVASP-60578,CrP2S7,5,2,54,0.2946867483439136,0.7576052205399106,0.0905241953069179,14.001953383296089,0.03922305925622008,0.017725688854147156
JVASP-60578,CrP2S7,5,2,55,0.19863821088437458,0.756534283551247,0.0905241953069179,13.517574476454953,0.03922305925622008,0.017725688854147156
JVASP-6079,InSe,187,2,4,0.3721441206705194,1.888200677304263,0.3783907413011729,17.173287609563367,0.016191348344605453,0.00018181508844084205
JVASP-6079,InSe,187,2,5,0.3741980779271312,1.8912211766260758,0.3783907413011729,16.992814624013597,0.016191348344605453,0.00018181508844084205
JVASP-6088,CrBr3,162,2,52,0.056171618631490894,1.3368212806154718,0.060815262019843885,16.468185982978714,0.12527439347803979,0.4361234847131103
JVASP-6088,CrBr3,162,2,53,0.1456953942580217,0.9598697860415681,0.060815262019843885,17.313984226048728,0.13435238901028235,0.2622381313862875
JVASP-6088,CrBr3,162,2,68,0.08928264072062952,1.1612419516413328,0.5754250186000998,2.27089349834062,0.08346292388840074,0.023873025185945924
JVASP-6088,CrBr3,162,2,69,0.13720611717741193,1.1611356524575387,0.5754250186000998,2.2831253035910546,0.08346292388840074,0.023873025185945924
JVASP-6094,BiI3,162,2,24,0.18135479467045634,5.906160537124707,0.06300248459629731,53.44415819101127,0.00018857719747912726,0.021896969413955615
JVASP-6094,BiI3,162,2,25,0.1811530096135634,5.895647906855265,0.06300248459629731,53.44080685384985,0.00018857719747912726,0.021896969413955615
JVASP-6094,BiI3,162,2,26,0.29460812932476,4.397014813827941,0.15466730566159015,51.438442282413355,0.00020097197794500477,0.010460917393855369
JVASP-6094,BiI3,162,2,27,0.29464792203552914,4.400409099865383,0.15466730566159015,51.43932640479389,0.00020097197794500477,0.010460917393855369
JVASP-6094,BiI3,162,2,28,0.17584810048434552,3.1396689571216143,0.07563402215801318,44.980740945832146,0.00027936821633589126,0.05738324330299465
JVASP-6094,BiI3,162,2,29,0.1756198890269003,3.1468682839624913,0.07563402215801318,44.98311677698029,0.00027936821633589126,0.05738324330299465
JVASP-6106,BI3,189,2,1,0.09082547154562803,0.0011147435611900598,0.7305726596203321,8.641271292619198,0.006882409948134978,0.571187684724527
JVASP-6106,BI3,189,2,6,0.21210394545405187,2.204721651474154,2.0026598435209664,7.321407227525813,0.00048397985712761546,0.00986447228643471
JVASP-6106,BI3,189,2,7,0.2115583516886641,2.2047560465651657,2.0026598435209664,7.317074518336093,0.00048397985712761546,0.00986447228643471
JVASP-6106,BI3,189,2,8,0.15878197084563972,3.623595760366398,0.26020295862302056,16.03657872629296,0.005635499719285537,0.0009349499427797372
JVASP-6106,BI3,189,2,9,0.15911083314976082,3.6204719242028194,0.26020295862302056,15.99517544134596,0.005635499719285537,0.0009349499427797372
JVASP-6106,BI3,189,2,10,0.16438080482592454,3.4997988496263526,0.26020295862302056,13.320377422635062,0.005184402504735246,0.0011153222159738362
JVASP-6106,BI3,189,2,11,0.16593223251532585,3.513273455680971,0.26020295862302056,13.31215308313196,0.005184402504735246,0.0011153222159738362
JVASP-6106,BI3,189,2,12,0.1506465041573053,3.1106115463097876,0.6854421920287077,10.00313260608497,0.0013525933910694442,0.006240658155848571
JVASP-6106,BI3,189,2,13,0.1505690894730849,3.1094900541693407,0.6854421920287077,10.015081162063243,0.0013525933910694442,0.006240658155848571
JVASP-6106,BI3,189,2,14,0.1817485909763148,4.041084945171323,0.055842820621117006,13.483183938248454,0.009342029326931164,0.00018825017171745034
JVASP-6106,BI3,189,2,15,0.19197820542955313,4.214958811303616,0.055842820621117006,13.691777639769867,0.009342029326931164,0.00018825017171745034
JVASP-6106,BI3,189,2,22,0.3305338337340977,4.0477248858596875,0.3017737201541868,9.416101615994243,0.017682486214721602,0.000130853523580228
JVASP-6106,BI3,189,2,23,0.3006569900324205,3.9724784391731705,0.3017737201541868,9.243444048696974,0.017682486214721602,0.000130853523580228
JVASP-6106,BI3,189,2,24,0.2699613545660786,1.327204506073688,0.8337231195835295,4.047369587980496,0.00046262675719738704,0.109990068481111
JVASP-6106,BI3,189,2,25,0.26994762742407463,1.327450789922343,0.8337231195835295,4.0464572282535665,0.00046262675719738704,0.109990068481111
JVASP-6109,MoBr3,25,2,10,0.22336044304464053,0.10502799043473957,0.06595630227162275,3.686077361932078,0.01691487960259764,0.1545590927223609
JVASP-6109,MoBr3,25,2,11,0.24113237186066172,0.12044078682172181,0.06595630227162275,3.8898704260520938,0.01691487960259764,0.1545590927223609
JVASP-6115,AlI3,2,2,1,0.08241072003012206,0.8385978011411126,0.30469890332039284,5.115747822884926,0.00208547674315082,0.10325746902571786
JVASP-6115,AlI3,2,2,2,0.1239274590011803,2.1995489413067264,0.30469890332039284,3.8633217520050303,0.0015092886601707244,0.030288194259484313
JVASP-6115,AlI3,2,2,3,0.12295996922640029,2.199417314134352,0.30469890332039284,3.867915386126463,0.0015092886601707244,0.030288194259484313
JVASP-6115,AlI3,2,2,48,0.09835836480701343,4.51203572195732,0.27571810444357503,17.988911061813575,0.0008773447609719013,0.020517518788180374
JVASP-6115,AlI3,2,2,49,0.0988688861475866,4.511881675715809,0.27571810444357503,18.008141572646565,0.0008773447609719013,0.020517518788180374
JVASP-6115,AlI3,2,2,50,0.3031685871052313,2.0946379942424453,0.20938861011141474,20.398702954857086,0.0010257186826958106,0.05418069517467058
JVASP-6115,AlI3,2,2,51,0.3021050360586358,2.0945113360939045,0.20938861011141474,20.41071131308502,0.0010257186826958106,0.05418069517467058
JVASP-6118,TiI3,25,2,1,0.3675414899535454,0.8121733273656047,0.0700334900407995,8.998793219697763,0.0018213450251076168,0.15478437649306453
JVASP-6307,MgPSe3,147,2,1,0.1774764805642306,6.0835674129290656,0.8883350856757382,15.168643444250584,0.0005479132719087599,0.013804944201934684
JVASP-6307,MgPSe3,147,2,2,0.1986804028902398,2.5307101851073925,0.8883350856757382,19.1837731287739,0.00021092311079968118,0.018753260942245473
JVASP-6307,MgPSe3,147,2,3,0.19895802845096,2.53056962334348,0.8883350856757382,19.181442414918074,0.00021092311079968118,0.018753260942245473
JVASP-6307,MgPSe3,147,2,14,0.3646358836879724,4.928413137487613,1.3661314951367043,25.070829512535482,0.00018684494711081355,0.014173552984188093
JVASP-6307,MgPSe3,147,2,15,0.3651065417658721,4.928694485908741,1.3661314951367043,25.065594289386848,0.00018684494711081355,0.014173552984188093
JVASP-6313,AlSiTe3,162,2,14,0.2630030751426631,6.0271972921504915,0.4107520187445264,17.960522518152978,0.0017816352350642206,0.020547936632811396
JVASP-6313,AlSiTe3,162,2,15,0.2601214557882887,6.027581878645914,0.4107520187445264,17.954084305593167,0.0017816352350642206,0.020547936632811396
JVASP-6319,CrSiTe3,162,2,14,0.09825166704000132,0.2785790461871265,1.370290710305806,12.685009610180833,0.054975872729284433,0.5429447959363446
JVASP-6319,CrSiTe3,162,2,15,0.11564731968215902,0.27474027191912775,1.370290710305806,12.581446776173417,0.054975872729284433,0.5429447959363446
JVASP-6352,ScAgP2Se6,149,2,1,0.22623566086762992,6.248390114210973,0.762491709034542,12.89217009747582,0.013108539398496868,0.003825732091166027
JVASP-6352,ScAgP2Se6,149,2,2,0.14553659306818645,5.806391305074802,0.762491709034542,18.035578562803586,0.00045059415391248916,0.0017407603816896983
JVASP-6352,ScAgP2Se6,149,2,3,0.1457629658180899,5.8064537555123525,0.762491709034542,18.034732056727186,0.00045059415391248916,0.0017407603816896983
JVASP-6352,ScAgP2Se6,149,2,14,0.29662739831190343,3.4892218895726943,1.3575457436636427,18.76442333869052,0.0017368188445519971,0.004780295755967113
JVASP-6352,ScAgP2Se6,149,2,15,0.30286137738282015,3.4893911146397874,1.3575457436636427,18.7517501919074,0.0017368188445519971,0.004780295755967113
JVASP-6370,ScAgP2S6,149,2,2,0.3139056941458236,5.981007666367434,1.14089638220433,14.409364146635284,0.001933913724290266,0.0006717274944300711
JVASP-6370,ScAgP2S6,149,2,3,0.32452574670008083,5.981352541747052,1.14089638220433,14.40089794921011,0.001933913724290266,0.0006717274944300711
JVASP-6382,Nb3TeCl7,156,2,1,0.07461535439389877,4.634283684138785,4.282694033066658,2.8567713908027903,0.0049270000105932805,0.014991441096446472
JVASP-6382,Nb3TeCl7,156,2,50,0.10849985459106648,3.171854539492477,0.3205532337959207,29.449955726409776,0.014847656537159044,0.020627079755574824
JVASP-6382,Nb3TeCl7,156,2,51,0.13780864082457578,3.1797285153522674,0.3205532337959207,29.861729618921892,0.014847656537159044,0.020627079755574824
JVASP-6382,Nb3TeCl7,156,2,56,0.2090527136782554,0.8919622385169281,0.38483230566287663,25.605358185516124,0.017820571900526428,0.023572565477373603
JVASP-6382,Nb3TeCl7,156,2,57,0.20901606275585083,0.8961504645300677,0.38483230566287663,25.664677830734224,0.017820571900526428,0.023572565477373603
JVASP-6394,TaI2Cl2,47,2,1,0.11147311249571956,2.738709362213017,0.10502919219489115,4.872033565982669,0.0002498984664660653,0.00990549726113425
JVASP-6394,TaI2Cl2,47,2,2,0.010394362948332514,0.08861908466973784,0.10502919219489115,4.661626610573046,0.001620784099379482,0.11933083745174874
JVASP-6394,TaI2Cl2,47,2,3,0.01066496752996926,0.088371399384617,0.10502919219489115,4.6556968302293615,0.001620784099379482,0.11933083745174874
JVASP-6394,TaI2Cl2,47,2,4,0.15624195121737472,1.1270130207867173,0.09382194978191905,3.456372301171809,0.0003067578204907528,0.006198605807447407
JVASP-6394,TaI2Cl2,47,2,5,0.15541437630997734,1.126920052462561,0.09382194978191905,3.457932962407265,0.0003067578204907528,0.006198605807447407
JVASP-6394,TaI2Cl2,47,2,6,0.034842907565487025,0.14153310821402687,0.09382194978191905,4.216476431201983,0.0010912610972116155,0.22792150584715795
JVASP-6394,TaI2Cl2,47,2,7,0.03524227659216095,0.14137164622874243,0.09382194978191905,4.2130387208381395,0.0010912610972116155,0.22792150584715795
JVASP-6394,TaI2Cl2,47,2,56,0.15682954178688924,1.9786775300635546,0.4569734551645368,7.422792285253433,0.0004068294175980397,0.003439529173488221
JVASP-6394,TaI2Cl2,47,2,57,0.15847208813721547,1.9786933180179558,0.4569734551645368,7.432803161692495,0.0004068294175980397,0.003439529173488221
JVASP-6394,TaI2Cl2,47,2,58,0.11885566819977411,1.9127608597060535,0.22470705868742602,7.770157319836082,0.00010268236533542141,0.019759079966235566
JVASP-6394,TaI2Cl2,47,2,59,0.11898417613647005,1.9127226833764048,0.22470705868742602,7.770956996820986,0.00010268236533542141,0.019759079966235566
JVASP-6397,CrI2,12,2,38,0.3433261096798135,3.3206136079503064,0.16280396756571625,8.435814228293596,0.020091317308646214,0.005343820824404592
JVASP-6397,CrI2,12,2,39,0.34921770736903524,3.294486955544447,0.16280396756571625,8.90760315541957,0.020091317308646214,0.005343820824404592
JVASP-6418,AlBr3,2,2,1,0.05411469491308907,0.0019018225128949568,0.34887896091936454,3.8642447086631035,0.004952444420630562,0.44670001941638915
JVASP-6418,AlBr3,2,2,2,0.045164175602483425,0.0028503953778948724,0.34887896091936454,3.285662767193834,0.002938620335569666,0.37957178603308145
JVASP-6418,AlBr3,2,2,3,0.04726347531337893,0.0028165259328462424,0.34887896091936454,3.2888029655789435,0.002938620335569666,0.37957178603308145
JVASP-6418,AlBr3,2,2,16,0.14513148524522457,0.09991506284848536,0.23584451755766977,12.229533007757517,0.0005593953999648549,0.2172412893753179
JVASP-6418,AlBr3,2,2,17,0.14505326925763917,0.09993352660670607,0.23584451755766977,12.232596150366936,0.0005593953999648549,0.2172412893753179
JVASP-6418,AlBr3,2,2,52,0.3448346689285434,0.3667953122437248,0.3273698830313073,10.459570663060415,0.0008083024518427775,0.010351225034760138
JVASP-6418,AlBr3,2,2,53,0.3417668217766451,0.3666425775270171,0.3273698830313073,10.453727717866457,0.0008083024518427775,0.010351225034760138
JVASP-6448,S5N6,5,2,1,0.020839480866808202,1.1637394111957504,0.8663617727898245,14.7585037387342,0.0045639143992511275,0.011701773669853139
JVASP-6448,S5N6,5,2,2,0.21022843793120494,5.164501340230384,0.4835654983931992,18.94086900319783,0.0011122551887497035,0.02036123124045574
JVASP-6448,S5N6,5,2,3,0.20993413325219912,5.156406147194056,0.4835654983931992,18.54295967330915,0.0011122551887497035,0.02036123124045574
JVASP-6448,S5N6,5,2,4,0.44360208827007774,0.8821461734476321,0.4835654983931992,32.747098217023435,0.0028492151388436683,0.025259896929034204
JVASP-6448,S5N6,5,2,5,0.443344830353924,0.8822230662254015,0.4835654983931992,32.78604773505578,0.0028492151388436683,0.025259896929034204
JVASP-6448,S5N6,5,2,6,0.21234047035198422,1.8710113341674894,0.08478735632517598,18.125032447345987,0.010378654267239168,0.003831851007747566
JVASP-6448,S5N6,5,2,7,0.23529136998307543,1.891090584883914,0.08478735632517598,18.171457631408376,0.010378654267239168,0.003831851007747566
JVASP-6448,S5N6,5,2,12,0.07268846592114109,1.0062004278214949,0.05322862236226378,27.508678445629418,0.003509496428149883,0.028407837940713335
JVASP-6448,S5N6,5,2,13,0.07472436159955187,1.0144244442564774,0.05322862236226378,27.948360317232925,0.003509496428149883,0.028407837940713335
JVASP-6448,S5N6,5,2,14,0.11604933398150052,0.7349715905484768,0.293500166186627,26.34656556668566,0.0015539104604048758,0.014368611633889503
JVASP-6448,S5N6,5,2,15,0.11626858479250579,0.7350802282206486,0.293500166186627,26.550467562377378,0.0015539104604048758,0.014368611633889503
JVASP-6448,S5N6,5,2,16,0.03433639607001915,1.115606249683597,0.41068761492419625,16.88994158275037,0.0013953864974978148,0.009001105768785106
JVASP-6448,S5N6,5,2,17,0.03332092657646868,1.1187773639288017,0.41068761492419625,16.809775791309384,0.0013953864974978148,0.009001105768785106
JVASP-6448,S5N6,5,2,18,0.2749819879695732,2.360932963729016,0.18233348342734512,23.486873460880975,0.0025033394641582355,0.022520058441122672
JVASP-6448,S5N6,5,2,19,0.27186670337912844,2.3420341416835653,0.18233348342734512,23.85632863180555,0.0025033394641582355,0.022520058441122672
JVASP-6448,S5N6,5,2,36,0.14837119069550386,0.9952002566723449,0.15080461937426737,14.901265539311897,0.0011375447883195406,0.029354668254717557
JVASP-6448,S5N6,5,2,37,0.14754367319563322,0.9893311828946793,0.15080461937426737,14.940853151443953,0.0011375447883195406,0.029354668254717557
JVASP-6448,S5N6,5,2,38,0.44619676588430757,1.079472246724016,0.6169043766054663,16.786285808149987,0.0024089762646711437,0.023847578236232424
JVASP-6448,S5N6,5,2,39,0.4457192576705995,1.0814234482220109,0.6169043766054663,16.76906185469587,0.0024089762646711437,0.023847578236232424
JVASP-6448,S5N6,5,2,40,0.23065284062054037,0.8090494159491118,0.6169043766054663,15.75182996911674,0.0020880424569134554,0.02583845377650725
JVASP-6448,S5N6,5,2,41,0.23043982513907402,0.8095783377096322,0.6169043766054663,15.82235641159499,0.0020880424569134554,0.02583845377650725
JVASP-6478,S3N2Cl2,1,2,1,0.12979083220715815,0.8153586363989656,0.15205009971750805,20.371492351883198,0.006310370300637066,0.017218104326907305
JVASP-6478,S3N2Cl2,1,2,2,0.04938860349446905,1.2697832841304084,0.15205009971750805,17.043111270418194,0.006784974221096752,0.007627224945500754
JVASP-6478,S3N2Cl2,1,2,3,0.038915645977224855,1.262157603310787,0.15205009971750805,17.118517932788077,0.006784974221096752,0.007627224945500754
JVASP-6478,S3N2Cl2,1,2,4,0.20249828378897483,0.7765652369606414,0.3247900181393,16.04819047164471,0.00438519547229208,0.04734422446565375
JVASP-6478,S3N2Cl2,1,2,5,0.20120973752255367,0.7745925084932751,0.3247900181393,16.20536723719676,0.00438519547229208,0.04734422446565375
JVASP-6478,S3N2Cl2,1,2,6,0.2603470987944281,1.163301845324363,0.2849482908612604,21.866125729843688,0.003824016740889452,0.011568316648754394
JVASP-6478,S3N2Cl2,1,2,7,0.26224359107383144,1.1673945999062039,0.2849482908612604,21.868144877499404,0.003824016740889452,0.011568316648754394
JVASP-6478,S3N2Cl2,1,2,8,0.14727786976753343,1.004803203015624,0.2849482908612604,20.93572886878176,0.002844494253462936,0.009491152242700517
JVASP-6478,S3N2Cl2,1,2,9,0.14566233222064717,1.0001337028925188,0.2849482908612604,20.90467142264804,0.002844494253462936,0.009491152242700517
JVASP-6478,S3N2Cl2,1,2,14,0.03691373246657026,0.6513531463933515,0.1676062783552963,5.244635802125744,0.0025951033160028347,0.024634622674144627
JVASP-6478,S3N2Cl2,1,2,15,0.03710932247113963,0.6516313406987496,0.1676062783552963,5.283871710106953,0.0025951033160028347,0.024634622674144627
JVASP-6478,S3N2Cl2,1,2,34,0.1476184869091186,0.6354509196867888,0.44414141304087834,3.435805928314819,0.0028983475873537987,0.05700802806044931
JVASP-6478,S3N2Cl2,1,2,35,0.14756902633232583,0.6359852298961202,0.44414141304087834,3.4316301922082544,0.0028983475873537987,0.05700802806044931
JVASP-6478,S3N2Cl2,1,2,36,0.33089130237749775,0.9569104373454925,0.44414141304087834,7.686120578513095,0.0015857622947675165,0.013180949301040875
JVASP-6478,S3N2Cl2,1,2,37,0.3297446494779004,0.957046214078727,0.44414141304087834,7.699022898950477,0.0015857622947675165,0.013180949301040875
JVASP-6484,SNCl,6,2,1,0.44944322028066175,0.5065246836445317,0.8949775189225804,18.023046621390097,0.2079784670896772,0.12654980522529835
JVASP-6484,SNCl,6,2,2,0.2505382557292517,1.001138429142535,0.15267741810754742,30.442104859402072,0.020727280135028437,0.04665359647469608
JVASP-6484,SNCl,6,2,3,0.20552622695077183,1.0098975609955798,0.15267741810754742,31.221858433469638,0.020727280135028437,0.04665359647469608
JVASP-6484,SNCl,6,2,8,0.11989892421893167,0.9291076898926691,0.6200404763491978,12.147626239050332,0.01697429682286068,0.045541981565102994
JVASP-6484,SNCl,6,2,9,0.17439470245925648,0.9320033249127491,0.6200404763491978,12.162805250891836,0.01697429682286068,0.045541981565102994
JVASP-6508,PdSCl,6,2,1,0.09295803824527482,1.0893140511484314,0.4697805157138397,32.27471474440193,0.002700931112143616,0.04061620619477799
JVASP-6508,PdSCl,6,2,106,0.029129306916090947,1.8455459806276227,0.05099037738925194,52.29364695095866,0.008240907167969259,0.0034399415557260183
JVASP-6508,PdSCl,6,2,107,0.035887496559777965,1.8348715902687343,0.05099037738925194,49.832696873704585,0.008240907167969259,0.0034399415557260183
JVASP-6508,PdSCl,6,2,124,0.2382474433145585,1.148669127289606,0.1255882348111692,55.014287507182736,0.0014838912865816811,0.00806982898055117
JVASP-6508,PdSCl,6,2,125,0.23814396322677123,1.1455067859747645,0.1255882348111692,55.034582302877034,0.0014838912865816811,0.00806982898055117
JVASP-6508,PdSCl,6,2,126,0.026170620828336988,0.6384732822083518,0.1117034980320446,11.830507343805975,0.00254129466999261,0.11646647634463539
JVASP-6508,PdSCl,6,2,127,0.027936928072240352,0.6372782757857564,0.1117034980320446,11.820152803358123,0.00254129466999261,0.11646647634463539
JVASP-6508,PdSCl,6,2,128,0.06749286035774049,0.5428374035591076,0.1117034980320446,20.754803592555536,0.0012331144950697096,0.10452933551645945
JVASP-6508,PdSCl,6,2,129,0.06532739758860728,0.5425686010633997,0.1117034980320446,20.786649930483133,0.0012331144950697096,0.10452933551645945
JVASP-6508,PdSCl,6,2,130,0.02447891844338268,0.6724201482694916,0.5599129559442632,19.25814753964244,0.00028370711162535784,0.0069363761365868835
JVASP-6508,PdSCl,6,2,131,0.023671968587395287,0.67292440474692,0.5599129559442632,19.274587418906425,0.00028370711162535784,0.0069363761365868835
JVASP-6766,HfFeCl6,149,2,39,0.0912732907987781,1.5740165886745348,0.8159247935816474,11.676818700989351,0.040562502319818595,0.020579775616450833
JVASP-6766,HfFeCl6,149,2,40,0.05401230035960314,1.539123120314874,0.8159247935816474,12.315637688109664,0.040562502319818595,0.020579775616450833
JVASP-6766,HfFeCl6,149,2,41,0.09067772344670022,0.4965269150483491,0.15088197352525556,4.8609449093598265,0.09369890580134936,0.14156035517524457
JVASP-6766,HfFeCl6,149,2,42,0.08756182140422286,0.49303102849658587,0.15088197352525556,4.7330306241385145,0.09369890580134936,0.14156035517524457
JVASP-6766,HfFeCl6,149,2,44,0.0350554577854818,0.6065860607380089,0.19141514580460894,6.6151777835404495,0.032902980511158315,0.023569578608134273
JVASP-6766,HfFeCl6,149,2,45,0.04803443764833215,0.6182285321863443,0.19141514580460894,6.501335856997483,0.032902980511158315,0.023569578608134273
JVASP-6766,HfFeCl6,149,2,58,0.31321906522491405,0.04394864643925926,0.6120076447192664,1.6516513969692566,0.06816355468995375,0.056358382754183006
JVASP-6775,P3Se4I2,2,2,14,0.07642412796019826,0.020145029629346427,0.106423022450846,24.98149480617359,0.0631239030238456,0.8205906912620461
JVASP-6775,P3Se4I2,2,2,15,0.07048624581104512,0.015587221507605224,0.106423022450846,27.11039225096255,0.0631239030238456,0.8205906912620461
JVASP-6775,P3Se4I2,2,2,20,0.03990112360324005,0.6516101103388134,0.13178429627099142,5.676012100877225,0.035892677690588674,0.00844421357967396
JVASP-6775,P3Se4I2,2,2,21,0.02014670070251867,0.6513275453369574,0.13178429627099142,5.725422517676156,0.035892677690588674,0.00844421357967396
JVASP-6775,P3Se4I2,2,2,22,0.04665909921596523,0.687406873770557,0.13178429627099142,5.880956261140231,0.03847736455519983,0.009502442842521705
JVASP-6775,P3Se4I2,2,2,23,0.015438705017805532,0.6871730237378145,0.13178429627099142,5.8899287357806065,0.03847736455519983,0.009502442842521705
JVASP-6775,P3Se4I2,2,2,104,0.06380004644955362,0.11165493936573581,0.13246650097673562,18.71285329241595,0.1882204734457549,0.3297710663727584
JVASP-6775,P3Se4I2,2,2,105,0.14350537978007516,0.09663803913789526,0.13246650097673562,19.92075359877164,0.1882204734457549,0.3297710663727584
JVASP-6775,P3Se4I2,2,2,106,0.07975007322806871,0.18817237050567004,0.13246650097673562,16.418585799299827,0.14859828395587907,0.09384807450718996
JVASP-6775,P3Se4I2,2,2,107,0.1641554712293627,0.1899390244322529,0.13246650097673562,17.491494390684608,0.14859828395587907,0.09384807450718996
JVASP-6796,Ta3SeI7,156,2,6,0.14837280085800586,1.3728587934187777,0.05288698035909967,25.510530869608292,0.017276390679085544,0.03119821608472295
JVASP-6796,Ta3SeI7,156,2,7,0.17632502832702457,1.2639331622826016,0.05288698035909967,25.181078790314128,0.017276390679085544,0.03119821608472295
JVASP-6796,Ta3SeI7,156,2,70,0.12940136578252126,1.6360923211456422,0.6088012654822235,21.2756305840331,0.0332015247743462,0.018997699329534223
JVASP-6796,Ta3SeI7,156,2,71,0.1273761581822801,1.6782520265416918,0.6088012654822235,21.217539679820007,0.0332015247743462,0.018997699329534223
JVASP-6799,Ta3TeI7,156,2,6,0.0869450897594568,1.8224299956653085,0.09970670859283004,20.817068312330278,0.0149867143154688,0.004923720510549225
JVASP-6799,Ta3TeI7,156,2,7,0.11623166969612697,1.7386632870573506,0.09970670859283004,21.308541799257803,0.0149867143154688,0.004923720510549225
JVASP-6799,Ta3TeI7,156,2,8,0.033932782092316316,0.8221130072588956,0.14488513818023563,12.498300431035872,0.005763886491034,0.0247282579408964
JVASP-6799,Ta3TeI7,156,2,9,0.039139755583491365,0.8348587304556279,0.14488513818023563,12.436351126823759,0.005763886491034,0.0247282579408964
JVASP-6799,Ta3TeI7,156,2,14,0.0879939600328683,0.6322715634540946,1.724434508830086,3.821666321650723,0.006185435452738404,0.05720789197849722
JVASP-6799,Ta3TeI7,156,2,15,0.08099818549941418,0.6323490823620467,1.724434508830086,3.8304667735880584,0.006185435452738404,0.05720789197849722
JVASP-6799,Ta3TeI7,156,2,70,0.12551661370307565,1.2794718070960647,0.5741563744913661,23.62662921092242,0.035569882864308386,0.044201897545189835
JVASP-6799,Ta3TeI7,156,2,71,0.12248901013981106,1.3110837108843487,0.5741563744913661,23.806812394283085,0.035569882864308386,0.044201897545189835
JVASP-6829,CrBrO,59,2,48,0.3202067013590093,1.6268345464773317,1.1716516611819165,2.1551035116983703,0.08691785073080684,0.0010660454055679272
JVASP-6829,CrBrO,59,2,49,0.3650177880308214,1.6300238109522263,1.1716516611819165,2.2279176033383226,0.08691785073080684,0.0010660454055679272
JVASP-6943,CrCl3,12,2,72,0.1547827564540043,3.1596104902253765,0.13265357170575154,21.161813185626617,0.023167431921284894,0.0012576984476639355
JVASP-6943,CrCl3,12,2,73,0.16236425199476123,3.175785405502383,0.13265357170575154,21.459811236357755,0.023167431921284894,0.0012576984476639355
JVASP-76869,Y2TlCu,71,3,1,0.04774251668076168,0.008546504229423484,2.247800529917053,2.5561607483005604,0.3713011394203988,0.9574579744881481
JVASP-76869,Y2TlCu,71,3,2,0.25562856588979166,0.21228714347323693,0.3343651552586282,5.578348394608013,0.0826880957430005,0.43476097299774225
JVASP-76869,Y2TlCu,71,3,3,0.19384708138361617,0.04000667081469522,0.3343651552586282,5.260057801733378,0.0826880957430005,0.43476097299774225
JVASP-76869,Y2TlCu,71,3,4,0.020689672908835277,0.046055981624066836,0.052786588488122455,5.394011564963316,0.014914189999883412,0.6336962078857762
JVASP-76869,Y2TlCu,71,3,5,0.01571698993461368,0.06185308052527563,0.052786588488122455,5.47414738348952,0.014914189999883412,0.6336962078857762
JVASP-76891,Y2InCu,12,3,1,0.29680345257102925,0.20557337660721323,0.7850922558371645,1.638362884874523,0.664968697374843,0.47778895941398036
JVASP-76891,Y2InCu,12,3,2,0.3469230314913867,0.23627553915459332,0.23657294414394858,5.088971266566446,0.14409570204159075,0.43581863914315444
JVASP-76891,Y2InCu,12,3,3,0.26302601244377755,0.17727022527919342,0.23657294414394858,4.9315242759644935,0.14409570204159075,0.43581863914315444
JVASP-76930,Li2MgGa,71,3,1,0.023763566491131094,0.000556046472031114,3.301823365335273,1.2339469574321558,0.11729315996220885,0.885256750130995
JVASP-76930,Li2MgGa,71,3,1,0.023763566491131094,0.000556046472031114,0.09111398123625136,1.2339469574321558,0.11729315996220885,0.885256750130995
JVASP-76930,Li2MgGa,71,3,2,0.027844212681456426,0.00998622364450888,0.09111398123625136,2.1842956782314498,0.36364099177539494,0.9614225387942141
JVASP-76930,Li2MgGa,71,3,2,0.027844212681456426,0.00998622364450888,1.140590096674881,2.1842956782314498,0.36364099177539494,0.9614225387942141
JVASP-76930,Li2MgGa,71,3,3,0.033223596935716415,0.018102232757621073,1.140590096674881,1.0813782771746705,0.36364099177539494,0.9614225387942141
JVASP-76930,Li2MgGa,71,3,4,0.2397541772546039,0.5562609097644604,0.2505969309073275,5.778971581343499,0.06114061339298455,0.07369682248786551
JVASP-76930,Li2MgGa,71,3,5,0.17826618071643185,0.5773447674366888,0.2505969309073275,4.521676379129118,0.06114061339298455,0.07369682248786551
JVASP-77062,Li2InSb,71,3,1,0.026185673421702305,0.0052194017778535665,2.6994623208305883,1.0311713641864235,0.851262916671516,0.9872337842446391
JVASP-77062,Li2InSb,71,3,1,0.026185673421702305,0.0052194017778535665,0.18814856113770517,1.0311713641864235,0.851262916671516,0.9872337842446391
JVASP-77062,Li2InSb,71,3,2,0.012039133445012062,0.04002037058493275,0.18814856113770517,1.5197957741285402,0.20143722394107272,0.9641187711007619
JVASP-77062,Li2InSb,71,3,2,0.012039133445012062,0.04002037058493275,2.6994623208305883,1.5197957741285402,0.20143722394107272,0.9641187711007619
JVASP-77062,Li2InSb,71,3,3,0.0173085318265791,0.030290609726213967,2.6994623208305883,1.4974351646371888,0.20143722394107272,0.9641187711007619
JVASP-77062,Li2InSb,71,3,3,0.0173085318265791,0.030290609726213967,0.18814856113770517,1.4974351646371888,0.20143722394107272,0.9641187711007619
JVASP-77062,Li2InSb,71,3,4,0.02461712012548567,0.12869714260798615,0.18814856113770517,2.4697280677462503,0.28030905174384174,0.9854062017867605
JVASP-77062,Li2InSb,71,3,4,0.02461712012548567,0.12869714260798615,0.2665412451162186,2.4697280677462503,0.28030905174384174,0.9854062017867605
JVASP-77062,Li2InSb,71,3,5,0.02714125872340789,0.08465810299289937,0.2665412451162186,4.86040760280778,0.28030905174384174,0.9854062017867605
JVASP-77062,Li2InSb,71,3,5,0.02714125872340789,0.08465810299289937,0.06542983895927934,4.86040760280778,0.28030905174384174,0.9854062017867605
JVASP-77062,Li2InSb,71,3,6,0.039637341792628344,0.09325524681877571,0.06542983895927934,3.8541089996644575,0.09138001881650606,0.7363575731758142
JVASP-77062,Li2InSb,71,3,6,0.039637341792628344,0.09325524681877571,0.2665412451162186,3.8541089996644575,0.09138001881650606,0.7363575731758142
JVASP-77062,Li2InSb,71,3,7,0.012569661447527913,0.017223427466029624,0.2665412451162186,3.135077192324852,0.09138001881650606,0.7363575731758142
JVASP-77062,Li2InSb,71,3,7,0.012569661447527913,0.017223427466029624,0.06542983895927934,3.135077192324852,0.09138001881650606,0.7363575731758142
JVASP-77062,Li2InSb,71,3,8,0.13472716893071013,0.31457660082809813,0.06542983895927934,4.942856675135473,0.18685904162274114,0.46567955863787125
JVASP-77062,Li2InSb,71,3,8,0.13472716893071013,0.31457660082809813,0.16200968746722433,4.942856675135473,0.18685904162274114,0.46567955863787125
JVASP-77062,Li2InSb,71,3,9,0.021955894584088753,0.30061712596032175,0.16200968746722433,7.587697805327332,0.18685904162274114,0.46567955863787125
JVASP-77062,Li2InSb,71,3,10,0.07886733607420648,0.15626913597207437,0.16200968746722433,3.7459895764067612,0.10678711324236605,0.17766124301729044
JVASP-77062,Li2InSb,71,3,11,0.07147398821165618,0.04743730368156878,0.16200968746722433,3.3223586306263,0.10678711324236605,0.17766124301729044
JVASP-79710,Na2HgBi,12,3,1,0.0040072395048103004,0.004507055983417179,0.940228387958042,1.0572941311803135,0.5249816080395292,0.9956034756962328
JVASP-79710,Na2HgBi,12,3,12,0.004055606014249591,0.03335002315272354,1.9991657324024903,2.1518455857849474,0.17335710162215695,0.9862188896865784
JVASP-79710,Na2HgBi,12,3,13,0.004761197509959736,0.02541216117556813,1.9991657324024903,2.331689098143208,0.17335710162215695,0.9862188896865784
JVASP-79710,Na2HgBi,12,3,13,0.004761197509959736,0.02541216117556813,0.13380551590447265,2.331689098143208,0.17335710162215695,0.9862188896865784
JVASP-79710,Na2HgBi,12,3,14,0.047824101630211224,0.13746603761407092,0.13380551590447265,3.450355589884475,0.1800764104700681,0.9835658823556168
JVASP-79710,Na2HgBi,12,3,14,0.047824101630211224,0.13746603761407092,0.9242072483543962,3.450355589884475,0.1800764104700681,0.9835658823556168
JVASP-79710,Na2HgBi,12,3,15,0.04562929971841623,0.12474484104391223,0.9242072483543962,4.673643859946847,0.1800764104700681,0.9835658823556168
JVASP-79710,Na2HgBi,12,3,15,0.04562929971841623,0.12474484104391223,0.09069864337547928,4.673643859946847,0.1800764104700681,0.9835658823556168
JVASP-79710,Na2HgBi,12,3,16,0.10919932237464725,0.20364382042921875,0.09069864337547928,5.633701944731448,0.1938576422391814,0.9263110518328662
JVASP-79710,Na2HgBi,12,3,16,0.10919932237464725,0.20364382042921875,0.2385834651361809,5.633701944731448,0.1938576422391814,0.9263110518328662
JVASP-79710,Na2HgBi,12,3,17,0.10615680256037141,0.22443468377904652,0.2385834651361809,5.620228034889852,0.1938576422391814,0.9263110518328662
JVASP-79710,Na2HgBi,12,3,17,0.10615680256037141,0.22443468377904652,0.09069864337547928,5.620228034889852,0.1938576422391814,0.9263110518328662
JVASP-79710,Na2HgBi,12,3,18,0.09118038310331977,0.474721890941082,0.09069864337547928,12.439665128139524,0.3190628958989081,0.42638749727758835
JVASP-79710,Na2HgBi,12,3,22,0.08583889915041443,0.41364323716478835,0.09621572158146185,6.490417271008183,0.13823862072986215,0.8749013793725159
JVASP-79710,Na2HgBi,12,3,23,0.07247491412479867,0.32513358119153246,0.09621572158146185,6.792171641222457,0.13823862072986215,0.8749013793725159
JVASP-80997,ZnNiPd2,71,3,1,0.01241344234271935,0.0006617596549482718,0.1867620652713562,3.8506817670961317,0.01281525014042741,0.7460355178407272
JVASP-80997,ZnNiPd2,71,3,2,0.0016718985953634302,0.003544538977642596,0.15813903736518498,6.39383796301401,0.0017435232626483521,0.7112172184156956
JVASP-80997,ZnNiPd2,71,3,3,0.0015330402113136188,0.0035493781480665054,0.15813903736518498,6.3360365957751466,0.0017435232626483521,0.7112172184156956
JVASP-80997,ZnNiPd2,71,3,4,0.011165131404485606,0.0005833911830350517,0.12664303455481374,7.976636890467863,0.028711855362878402,0.5212770217932282
JVASP-80997,ZnNiPd2,71,3,5,0.007373603408016294,0.0011962359882708312,0.12664303455481374,7.702479499859415,0.028711855362878402,0.5212770217932282
JVASP-81240,Li2MgGa,71,3,1,0.02376997280394022,0.0005920475963605194,3.301422148454823,1.1415480864632894,0.11729480862478486,0.8780689733680713
JVASP-81240,Li2MgGa,71,3,1,0.02376997280394022,0.0005920475963605194,0.09111536036543022,1.1415480864632894,0.11729480862478486,0.8780689733680713
JVASP-81240,Li2MgGa,71,3,2,0.03072694632912576,0.01225187925967073,0.09111536036543022,1.853408395573384,0.3636400318800008,0.9537179145358615
JVASP-81240,Li2MgGa,71,3,2,0.03072694632912576,0.01225187925967073,1.1402119255820944,1.853408395573384,0.3636400318800008,0.9537179145358615
JVASP-81240,Li2MgGa,71,3,3,0.03321725586787938,0.018263421569714985,1.1402119255820944,1.0805853247249995,0.3636400318800008,0.9537179145358615
JVASP-81240,Li2MgGa,71,3,4,0.240120165915521,0.5566384966074329,0.25055771830450047,5.750545212462241,0.06113837605098884,0.07396845057496637
JVASP-81240,Li2MgGa,71,3,5,0.1783968438154404,0.5773445094437268,0.25055771830450047,4.533040834891034,0.06113837605098884,0.07396845057496637
JVASP-81597,LiPbAu2,71,3,1,0.04290794997520564,0.045259227567874,3.81508969635295,2.71897616479671,0.013619099530532365,0.7701478755634111
JVASP-81597,LiPbAu2,71,3,2,0.023394761485276305,0.46035603765481203,0.7733377521782803,12.994429505961365,0.014593810336244108,0.7349299466345818
JVASP-81597,LiPbAu2,71,3,3,0.02247818486821007,0.45866454001914236,0.7733377521782803,11.76625612130484,0.014593810336244108,0.7349299466345818
JVASP-81597,LiPbAu2,71,3,8,0.0011150381051372449,0.5379096586122907,0.062369257738549955,13.643782483949643,0.0005873802105994946,0.22800521384967115
JVASP-81597,LiPbAu2,71,3,9,0.0016852762971790725,0.5378642880286943,0.062369257738549955,13.140703091214244,0.0005873802105994946,0.22800521384967115
JVASP-81597,LiPbAu2,71,3,10,0.007240320538984157,0.46386606842374,0.07197913449466142,14.792825638274316,0.0769185252909874,0.8950593845570204
JVASP-81597,LiPbAu2,71,3,11,0.0116553170375715,0.46839172194964923,0.07197913449466142,14.169002400651943,0.09379571271659888,0.940636356578849
JVASP-81597,LiPbAu2,71,3,24,0.24024356882189313,0.547242972482492,0.3896800149786017,3.049202272880847,0.023644308761783108,0.6936026419964593
JVASP-81597,LiPbAu2,71,3,25,0.2416416484602264,0.5396623862333458,0.3896800149786017,2.969497993349752,0.023644308761783108,0.6936026419964593
JVASP-81597,LiPbAu2,71,3,26,0.01386895029081936,0.15460390374274016,0.3966960440219176,4.035101656944367,0.5635204649656776,0.9307703500266693
JVASP-81597,LiPbAu2,71,3,27,0.03224935597779499,0.17115755374353178,0.3966960440219176,4.374566981161896,0.5475884903530939,0.6958911054849576
JVASP-81634,Si2TcIr,71,3,1,0.3060829590315315,0.03569228794638123,0.34964727022785347,6.125114455614957,0.1918652626214067,0.3250010706886755
JVASP-8367,Ca3BiN,221,3,1,0.3865997644354966,2.6996473229860802,6.103029177803439,2.4882307999248305,0.0064447237729824735,0.0020308200829866514
JVASP-8385,YCoF5,71,3,35,0.07242708426566546,0.03628855774546749,0.32472764949481836,3.134642189197357,0.6692124117174737,0.8381162136684146
JVASP-8385,YCoF5,71,3,36,0.08729134544032652,0.13266311582503842,0.32472764949481836,4.217158414008988,0.3888140378116421,0.7198078031401977
JVASP-8385,YCoF5,71,3,37,0.06206821538459639,0.12973052834401788,0.3066221814865102,2.9297927839908153,0.2485683650230864,0.11474330988139637
JVASP-8385,YCoF5,71,3,38,0.4252620798957073,0.0997678857947408,0.3066221814865102,3.3215245179803485,0.2485683650230864,0.11474330988139637
JVASP-8659,Rb2SnI6,225,3,12,0.36941532808980515,1.4762973064026492,2.549286186055993,3.8126346258357637,0.0014224951257432446,0.019160906172407365
JVASP-8659,Rb2SnI6,225,3,13,0.3711472229940398,1.4765873486680081,2.549286186055993,3.7992013845136476,0.0014224951257432446,0.019160906172407365
JVASP-949,O,12,3,46,0.12588151948238036,0.9998957499869889,0.10259137283607167,11.561622383210194,0.0013915423004167869,0.01611834752929547
