jid,formula,band,norb,dim,M_naive,M_min,ratio,centres,status
JVASP-12648,MnSnB2O6,37,72,3,0.3195509112781975,0.36350926789363835,1.1375629205362245,minus,OK
JVASP-12648,MnSnB2O6,38,72,3,0.3336258511127329,0.32330721334009876,0.9690712283289239,minus,OK
JVASP-12648,MnSnB2O6,39,72,3,0.5838917068508473,0.5742928088702413,0.983560482418261,minus,OK
JVASP-12648,MnSnB2O6,40,72,3,0.5612144474573116,0.5401870772950829,0.9625323790976921,minus,OK
JVASP-13546,VBr2,19,28,2,1.6186529716840772,1.56084014559045,0.9642833719735011,minus,OK
JVASP-13546,VBr2,20,28,2,1.5963943939844558,1.5347924938296469,0.9614118538708619,minus,OK
JVASP-13576,FeBr2,24,28,2,1.7503167724279605,1.6914108423803524,0.9663455604291008,minus,OK
JVASP-13576,FeBr2,25,28,2,1.7054074455316033,1.64018800059433,0.9617572650405878,minus,OK
JVASP-13600,ZrFeCl6,0,60,2,0.5027700174311215,0.23723004091086292,0.4718460383198228,minus,OK
JVASP-13600,ZrFeCl6,1,60,2,0.515769719936971,0.26898330260146064,0.5215182128844854,minus,OK
JVASP-13600,ZrFeCl6,39,60,2,1.6275348670941778,1.412230278735651,0.867711228366533,minus,OK
JVASP-13600,ZrFeCl6,40,60,2,1.5934662168833995,1.3833240292404567,0.8681225962518666,minus,OK
JVASP-13600,ZrFeCl6,41,60,2,0.4925888058101876,0.417927199800881,0.8484301609605062,minus,OK
JVASP-13600,ZrFeCl6,42,60,2,0.4889050657894357,0.43030918960253345,0.8801487644798947,minus,OK
JVASP-13600,ZrFeCl6,50,60,2,0.945055460688755,0.7850649641139656,0.8307078227364683,minus,OK
JVASP-13600,ZrFeCl6,51,60,2,0.9388249463936498,0.7911511097586702,0.8427035442525833,minus,OK
JVASP-13611,PI2,0,48,2,7.7235360183209405,7.627597156768267,0.9875783758468794,minus,OK
JVASP-13611,PI2,1,48,2,7.723456975626675,7.627495472778534,0.9875753172250494,minus,OK
JVASP-13611,PI2,2,48,2,7.013349876718908,6.932850134502633,0.9885219269491321,minus,OK
JVASP-13611,PI2,3,48,2,7.013226689578172,6.932672970669895,0.9885140289236648,minus,OK
JVASP-13611,PI2,8,48,2,9.28020111441673,9.21301351764994,0.9927601141464042,minus,OK
JVASP-13611,PI2,9,48,2,9.280394548719116,9.213147921315615,0.9927539042601607,minus,OK
JVASP-13611,PI2,10,48,2,9.733554586489642,9.64536901121366,0.9909400441028619,minus,OK
JVASP-13611,PI2,11,48,2,9.733570897557719,9.645448997919333,0.9909466011430094,minus,OK
JVASP-13611,PI2,46,48,2,5.6761944653975505,5.523240870088641,0.9730534962744274,minus,OK
JVASP-13611,PI2,47,48,2,5.6759284672102375,5.523180891829837,0.9730885305791253,minus,OK
JVASP-13616,AsCl5,0,38,2,0.140750136531898,0.02900357088228809,0.20606424687705402,minus,OK
JVASP-13616,AsCl5,1,38,2,0.1409603798464417,0.029130630828814348,0.20665828838251177,minus,OK
JVASP-13616,AsCl5,6,38,2,1.064027459972026,0.9957751542538061,0.9358547516057393,minus,OK
JVASP-13616,AsCl5,7,38,2,1.0635137215113863,0.9917225863627009,0.9324962774841671,minus,OK
JVASP-13616,AsCl5,30,38,2,0.2552424100990605,0.07190176324787975,0.28169990723710225,minus,OK
JVASP-13616,AsCl5,31,38,2,0.2553629235571269,0.07204343034766883,0.28212173225512155,minus,OK
JVASP-13616,AsCl5,36,38,2,1.0964121699974263,1.0801371078846584,0.9851560730917406,minus,OK
JVASP-13616,AsCl5,37,38,2,1.0965289217289966,1.0800729092222583,0.9849926324963771,minus,OK
JVASP-13624,Ni2SbTe2,4,48,2,4.605589213074835,4.600657162608434,0.9989291162893122,minus,OK
JVASP-13624,Ni2SbTe2,5,48,2,4.605733956092656,4.600795498514955,0.9989277588274139,minus,OK
JVASP-14458,TeO3,20,26,2,2.586325472792565,2.57661010493263,0.9962435633248259,minus,OK
JVASP-14458,TeO3,21,26,2,2.681730974416939,2.6769270224255015,0.9982086376160524,minus,OK
JVASP-15858,Tb3AlC,18,64,3,0.38621243779302616,0.36469214973362235,0.9442786250427888,minus,OK
JVASP-15858,Tb3AlC,19,64,3,0.38715850450776124,0.364522626456807,0.9415333053842281,minus,OK
JVASP-16001,K2RhF6,70,72,3,0.06462087362374919,0.015531032427131792,0.24034079943827769,minus,OK
JVASP-16001,K2RhF6,71,72,3,0.06321367008946044,0.01509239550049485,0.238752084464262,minus,OK
JVASP-16008,TaSnO3,36,38,3,0.022061505229135834,0.01470044233680454,0.6663390455058432,minus,OK
JVASP-16008,TaSnO3,37,38,3,0.01764652142449154,0.011577994209147686,0.6561063186696179,minus,OK
JVASP-16408,LiIrF6,40,50,3,0.9678707166751297,0.6205186213652375,0.6411172594381915,minus,OK
JVASP-16408,LiIrF6,41,50,3,0.9583123333213805,0.6072375639779221,0.633653082469803,minus,OK
JVASP-16859,ZnCu2GeTe4,0,82,3,0.4456877272717773,0.3822513901408687,0.8576664035170402,minus,OK
JVASP-16859,ZnCu2GeTe4,1,82,3,0.4457556223463381,0.38292981318300257,0.8590577302589313,minus,OK
JVASP-16859,ZnCu2GeTe4,8,82,3,0.6156777646999348,0.5580833456090833,0.9064536314399441,minus,OK
JVASP-16859,ZnCu2GeTe4,9,82,3,0.6134618860584414,0.5632937037379098,0.9182211911438091,minus,OK
JVASP-17265,BaIrF6,40,60,3,0.3781327437211506,0.06910594192455281,0.1827557731300682,minus,OK
JVASP-17265,BaIrF6,41,60,3,0.32815595684435017,0.05185882325901596,0.15803102816632233,minus,OK
JVASP-17430,ZnCu2SnSe4,8,82,3,0.6415398671289398,0.5573043288560918,0.8686978898913573,minus,OK
JVASP-17430,ZnCu2SnSe4,9,82,3,0.6539732329586485,0.5891302878070643,0.9008477076986356,minus,OK
JVASP-17890,Tb3PbC,20,64,3,0.12229183675500273,0.11014041128390162,0.9006358413321973,minus,OK
JVASP-17890,Tb3PbC,21,64,3,0.12025633837825578,0.11007999013595496,0.9153778638237595,minus,OK
JVASP-18176,Rb2RhF6,70,72,3,0.0720429095150558,0.017983803586210233,0.24962628116028418,minus,OK
JVASP-18176,Rb2RhF6,71,72,3,0.07023812623290397,0.017383834073584705,0.24749854539030997,minus,OK
JVASP-18522,Ba3PbO,0,50,3,2.556001912968965,2.5350624101745076,0.9918077123932451,minus,OK
JVASP-18522,Ba3PbO,1,50,3,2.5559423514531936,2.5349134103454274,0.9917725291825107,minus,OK
JVASP-19540,CNCl,0,20,2,0.8661168873103102,0.8729007230413269,1.007832471379335,minus,OK
JVASP-19540,CNCl,1,20,2,0.8661166104762538,0.872908528869281,1.0078418059541574,minus,OK
JVASP-19557,PtS2Cl6,0,60,2,0.1766844745680636,0.24848958583539676,1.4064030608398017,minus,OK
JVASP-19557,PtS2Cl6,1,60,2,0.17674478638022095,0.24850964355076183,1.406036628521292,minus,OK
JVASP-19557,PtS2Cl6,44,60,2,1.6987741728975698,1.6908534104774327,0.9953373658803472,minus,OK
JVASP-19557,PtS2Cl6,45,60,2,1.6986269909874223,1.690694700342227,0.9953301750841812,minus,OK
JVASP-19557,PtS2Cl6,46,60,2,1.0566134029694325,1.0374825145365176,0.9818941455984272,minus,OK
JVASP-19557,PtS2Cl6,47,60,2,1.0565149357080548,1.037374130142486,0.9818830714847007,minus,OK
JVASP-19557,PtS2Cl6,58,60,2,1.2591931938223864,1.2919080317701206,1.0259807931842655,minus,OK
JVASP-19557,PtS2Cl6,59,60,2,1.2592021818941435,1.2919722908666627,1.0260245014213882,minus,OK
JVASP-19584,Tl2SnAs2S6,4,76,2,5.52531919185712,5.451824874094429,0.9866986294889529,minus,OK
JVASP-19584,Tl2SnAs2S6,5,76,2,5.525309269788169,5.451832336749179,0.9867017519832322,minus,OK
JVASP-19584,Tl2SnAs2S6,44,76,2,1.4709125035280026,1.3471047947247419,0.9158293178511255,minus,OK
JVASP-19584,Tl2SnAs2S6,45,76,2,1.4715372129825313,1.3473585530981984,0.9156129666387125,minus,OK
JVASP-19584,Tl2SnAs2S6,74,76,2,1.879974745568536,1.8040782741676102,0.9596289941767417,minus,OK
JVASP-19584,Tl2SnAs2S6,75,76,2,1.8616595705674341,1.7843967977918311,0.9584979047742583,minus,OK
JVASP-19759,TbSe,22,24,3,0.10497814723951437,nan,nan,no,NO_CENTRES
JVASP-19759,TbSe,23,24,3,0.10393326131960216,nan,nan,no,NO_CENTRES
JVASP-19850,HgSe,0,26,3,0.9608266004391779,0.9684988828550678,1.0079850853550298,minus,OK
JVASP-19850,HgSe,1,26,3,0.961051998420013,0.9687031920935667,1.0079612691988908,minus,OK
JVASP-20002,Bi,14,16,2,2.8624774304055816,2.704274919142033,0.9447323113946324,minus,OK
JVASP-20002,Bi,15,16,2,2.861600050795159,2.703383207515909,0.9447103576772422,minus,OK
JVASP-20017,MnI2,24,28,2,1.5653348082887235,1.513537331443228,0.9669096498900946,minus,OK
JVASP-20017,MnI2,25,28,2,1.509139379735268,1.449958516350946,0.9607850247770333,minus,OK
JVASP-20035,Rb3Mo2Cl9,0,114,2,0.29376509231867287,0.2951731573972236,1.0047931667695333,minus,OK
JVASP-20035,Rb3Mo2Cl9,1,114,2,0.27980264933790333,0.2855048558435423,1.0203793871113518,minus,OK
JVASP-20035,Rb3Mo2Cl9,58,114,2,0.2677853688042389,0.27711601820808507,1.0348437610520356,minus,OK
JVASP-20035,Rb3Mo2Cl9,59,114,2,0.3051553479536322,0.30779690207009874,1.0086564241268612,minus,OK
JVASP-20035,Rb3Mo2Cl9,63,114,2,0.2916378566083704,0.2873189086471072,0.9851907155967651,minus,OK
JVASP-20035,Rb3Mo2Cl9,64,114,2,0.2796316934463623,0.2753119369718543,0.9845519782780395,minus,OK
JVASP-20040,KrF2,2,20,2,1.0121689327958778,1.059104709224736,1.0463714849449184,minus,OK
JVASP-20040,KrF2,3,20,2,1.0122028354726114,1.058958639924432,1.046192129495458,minus,OK
JVASP-20040,KrF2,4,20,2,0.2827445368047494,0.2963492129013547,1.0481164950182575,minus,OK
JVASP-20040,KrF2,5,20,2,0.2832908735195844,0.2968939088091803,1.0480179086625447,minus,OK
JVASP-20040,KrF2,6,20,2,0.7815003002141178,0.7966519275615455,1.0193878714355917,plus,OK
JVASP-20040,KrF2,7,20,2,0.7810623669561765,0.7961902168299905,1.0193682995287145,plus,OK
JVASP-20040,KrF2,18,20,2,0.11204269855017629,0.15109493156741186,1.3485477726131947,minus,OK
JVASP-20040,KrF2,19,20,2,0.11198819416700585,0.1511820616827899,1.3499821370218272,minus,OK
JVASP-20042,W6CCl8,0,188,2,3.583107805354265,3.5845552768894287,1.0004039709698382,minus,OK
JVASP-20042,W6CCl8,1,188,2,3.584488555230958,3.5860353375014817,1.0004315210515224,minus,OK
JVASP-20042,W6CCl8,128,188,2,1.6436761173768515,1.6442728639190987,1.000363056040018,minus,OK
JVASP-20042,W6CCl8,129,188,2,1.6407924016936724,1.6384474903810995,0.9985708665458516,minus,OK
JVASP-20042,W6CCl8,140,188,2,1.584081412306543,1.5959834539487041,1.0075135290078499,minus,OK
JVASP-20042,W6CCl8,141,188,2,1.5827374521193704,1.593743268734408,1.0069536590546335,minus,OK
JVASP-20042,W6CCl8,142,188,2,2.6857315568685443,2.695769387999942,1.0037374662801748,minus,OK
JVASP-20042,W6CCl8,143,188,2,2.6910894807524652,2.705003976765828,1.0051705809535074,minus,OK
JVASP-20042,W6CCl8,168,188,2,1.6600878216841455,1.6520344660243635,0.9951488375767904,minus,OK
JVASP-20042,W6CCl8,169,188,2,1.6627758343397816,1.655589425802443,0.995678065323705,minus,OK
JVASP-20042,W6CCl8,174,188,2,1.7829534023278768,1.7925308689746495,1.0053716864581363,minus,OK
JVASP-20042,W6CCl8,175,188,2,1.693545342315192,1.6813505520696734,0.992799253766157,minus,OK
JVASP-21389,Sr3CuPtO6,102,192,3,0.4644890313327108,0.360642366335298,0.7764281651614976,minus,OK
JVASP-21389,Sr3CuPtO6,103,192,3,0.4513742627922367,0.3365269872228319,0.7455608681386695,minus,OK
JVASP-21502,Li2RhF6,82,104,3,0.7371268878357692,0.5493710439434674,0.7452869417861562,minus,OK
JVASP-21502,Li2RhF6,83,104,3,0.7781605930579247,0.5375847322045715,0.6908403445258435,minus,OK
JVASP-22031,Tl6TeO12,126,128,3,0.25067561056453797,0.0969775056376943,0.3868645434603494,minus,OK
JVASP-22031,Tl6TeO12,127,128,3,0.2416669358753784,0.09199943639571981,0.38068689894409724,minus,OK
JVASP-22441,Na3Cd2IrO6,40,96,3,1.0824878993522447,0.7629594963550259,0.7048203465475938,minus,OK
JVASP-22441,Na3Cd2IrO6,41,96,3,1.0729157184857687,0.7530239925147324,0.7018482249262719,minus,OK
JVASP-22600,RbS,0,36,3,4.305495499868371,3.958939223238107,0.9195083872133046,minus,OK
JVASP-22600,RbS,1,36,3,4.306054896893524,3.9589729829165847,0.9193967744750928,minus,OK
JVASP-22653,Sr3BiN,0,50,3,2.8655283333719375,2.8527993475499245,0.9955578921786356,minus,OK
JVASP-22653,Sr3BiN,1,50,3,2.8655996844156104,2.85280466536447,0.9955349593592137,minus,OK
JVASP-22720,Ba2SbAu,0,44,3,2.7536532324683365,2.7387508499597857,0.9945881411890078,minus,OK
JVASP-22720,Ba2SbAu,1,44,3,2.754649571153954,2.738562702149448,0.9941601032766694,minus,OK
JVASP-23440,Sr2AsAu,0,44,3,2.5465956818231126,2.5513696706472215,1.0018746551948488,minus,OK
JVASP-23440,Sr2AsAu,1,44,3,2.5472389261439434,2.5530724791085886,1.002290147541627,minus,OK
JVASP-26224,Na3In2Au,0,208,3,0.8143909994540667,2.2987425725396875,2.8226522322578065,minus,OK
JVASP-26224,Na3In2Au,1,208,3,0.8143505674862392,2.2923240953522774,2.814910662404632,minus,OK
JVASP-26325,AgSbO3,4,76,3,1.4832041731943422,2.840433850627744,1.915065978077966,minus,OK
JVASP-26325,AgSbO3,5,76,3,1.4836264440647038,2.840809290368116,1.9147739660026057,minus,OK
JVASP-26528,Rb2IrF6,4,72,3,0.5726415241525791,0.23909473502739817,0.4175295100739008,minus,OK
JVASP-26528,Rb2IrF6,5,72,3,0.5858659839347778,0.25412718441136134,0.43376333731581235,minus,OK
JVASP-27330,Rb2Na4Co2O5,0,220,3,0.5257160750026061,0.4415139506954722,0.8398334608529586,minus,OK
JVASP-27330,Rb2Na4Co2O5,1,220,3,0.4863938161358521,0.444784714572935,0.9144538845220527,minus,OK
JVASP-27330,Rb2Na4Co2O5,84,220,3,0.5783742433798813,0.47103124389726647,0.8144056366422406,minus,OK
JVASP-27330,Rb2Na4Co2O5,85,220,3,0.56485209173126,0.4613860223649249,0.8168262614568466,minus,OK
JVASP-27330,Rb2Na4Co2O5,86,220,3,0.5087443659564994,0.4353047571178328,0.8556453618889882,minus,OK
JVASP-27330,Rb2Na4Co2O5,87,220,3,0.5355536798015499,0.43071491137339485,0.8042422778851913,minus,OK
JVASP-27766,CrAgP2S6,148,152,2,0.6014596057816869,0.540330663796521,0.8983656734424921,minus,OK
JVASP-27766,CrAgP2S6,149,152,2,0.5974396246635651,0.5352768347202594,0.8959513440737861,minus,OK
JVASP-27889,AgClO4,0,42,2,0.922759314014636,0.9536454932662284,1.033471544293838,minus,OK
JVASP-27889,AgClO4,1,42,2,0.9225997556408192,0.9552696374378167,1.035410676837114,minus,OK
JVASP-27906,CrClO,44,48,2,1.8174151911623313,1.70271382400874,0.9368876370620443,minus,OK
JVASP-27906,CrClO,45,48,2,1.8188032691192242,1.7040845685066328,0.9369262731377511,minus,OK
JVASP-27940,FePSe3,0,88,2,0.2706947429725561,0.07738680592875263,0.28588218994928305,minus,OK
JVASP-27940,FePSe3,1,88,2,0.2668395804571271,0.07550986854198027,0.2829785162029678,minus,OK
JVASP-27940,FePSe3,2,88,2,0.35328055298999805,0.10759716511903555,0.304565774165559,minus,OK
JVASP-27940,FePSe3,3,88,2,0.3516959907729642,0.10649753754287036,0.30281134939527754,minus,OK
JVASP-27940,FePSe3,14,88,2,0.28553251494960574,0.13227055523206507,0.4632416565777449,minus,OK
JVASP-27940,FePSe3,15,88,2,0.28553435181785625,0.13092129553805848,0.4585132916741794,minus,OK
JVASP-27971,CoCl2O8,47,72,2,0.8414633056279953,nan,nan,no,NO_CENTRES
JVASP-27971,CoCl2O8,48,72,2,0.7961243968981612,nan,nan,no,NO_CENTRES
JVASP-27971,CoCl2O8,49,72,2,0.5866099703929571,nan,nan,no,NO_CENTRES
JVASP-27971,CoCl2O8,50,72,2,0.5765762468034297,nan,nan,no,NO_CENTRES
JVASP-27971,CoCl2O8,52,72,2,0.5097397469292654,nan,nan,no,NO_CENTRES
JVASP-27971,CoCl2O8,53,72,2,0.5076647069709854,nan,nan,no,NO_CENTRES
JVASP-27971,CoCl2O8,54,72,2,0.559395175544472,nan,nan,no,NO_CENTRES
JVASP-27971,CoCl2O8,55,72,2,0.6032419998680627,nan,nan,no,NO_CENTRES
JVASP-27971,CoCl2O8,70,72,2,0.19800761731046235,nan,nan,no,NO_CENTRES
JVASP-27971,CoCl2O8,71,72,2,0.16880665390116,nan,nan,no,NO_CENTRES
JVASP-27982,ZnC2S2O6F6,82,118,2,4.226824532261517,4.102198299540029,0.9705153994990162,minus,OK
JVASP-27982,ZnC2S2O6F6,83,118,2,4.230792065652272,4.106788762708487,0.9706902865894765,minus,OK
JVASP-28027,Bi4Te3S8,52,264,2,1.704134141804119,1.6649004791061301,0.976977362441402,minus,OK
JVASP-28027,Bi4Te3S8,53,264,2,1.7050941738187726,1.6652598752051961,0.9766380653777248,minus,OK
JVASP-28065,AgBiP2Se6,0,84,2,1.310608292518112,1.2133693107431647,0.9258062211798469,minus,OK
JVASP-28065,AgBiP2Se6,1,84,2,1.3107320747629396,1.2136497393579044,0.9259327384487835,minus,OK
JVASP-28065,AgBiP2Se6,2,84,2,1.086935199949785,0.960696709108921,0.8838583101856523,minus,OK
JVASP-28065,AgBiP2Se6,3,84,2,1.0872904785068704,0.9611791370053306,0.8840132016287652,minus,OK
JVASP-28065,AgBiP2Se6,14,84,2,1.6972266823639537,1.5384584781852126,0.9064543317468923,minus,OK
JVASP-28065,AgBiP2Se6,15,84,2,1.6936498255234147,1.535194071814665,0.906441254076958,minus,OK
JVASP-28065,AgBiP2Se6,16,84,2,0.8039312115320482,0.7352747931509092,0.9145991380900602,minus,OK
JVASP-28065,AgBiP2Se6,17,84,2,0.8035847323239742,0.7364729324284016,0.9164844761280062,minus,OK
JVASP-28153,HgF,0,48,2,1.4593853756962556,1.4597552413223616,1.0002534393123745,minus,OK
JVASP-28153,HgF,1,48,2,1.4594390980635263,1.4603331041118786,1.0006125682459368,minus,OK
JVASP-28153,HgF,2,48,2,0.6612804799067752,0.6613142969433443,1.0000511387188895,plus,OK
JVASP-28153,HgF,3,48,2,0.6613821841480381,0.6614040534948968,1.0000330661263381,minus,OK
JVASP-28153,HgF,4,48,2,0.6064529879617795,0.6064564865104249,1.0000057688703246,minus,OK
JVASP-28153,HgF,5,48,2,0.6066159524798866,0.6066203085540651,1.0000071809423419,minus,OK
JVASP-28153,HgF,6,48,2,1.4318260214129435,1.4316709568707335,0.9998917015476105,minus,OK
JVASP-28153,HgF,7,48,2,1.4311060917353124,1.430892613160295,0.999850829665075,minus,OK
JVASP-28153,HgF,12,48,2,1.1247592303844987,1.1250340726832273,1.0002443565621015,plus,OK
JVASP-28153,HgF,13,48,2,1.125058285727931,1.1251636370600586,1.0000936407770726,minus,OK
JVASP-28153,HgF,14,48,2,1.036081196976193,1.0357699783779988,0.9996996194901495,minus,OK
JVASP-28153,HgF,15,48,2,1.0352832208826312,1.0350230185937725,0.9997486655983501,minus,OK
JVASP-2817,K4IrO4,25,84,3,0.7249269020574729,0.17207325895051598,0.23736635854200075,minus,OK
JVASP-2817,K4IrO4,26,84,3,0.6081831731020036,0.1513503002641844,0.24885644154248926,minus,OK
JVASP-2817,K4IrO4,27,84,3,0.6069415979814163,0.1547200880378221,0.2549175877092534,minus,OK
JVASP-2817,K4IrO4,28,84,3,0.5720624118586557,0.1153768036417871,0.20168569241758577,minus,OK
JVASP-2817,K4IrO4,29,84,3,0.5540174019915403,0.12468613847449854,0.2250581624806119,minus,OK
JVASP-2817,K4IrO4,30,84,3,0.5706155437110139,0.175782173160954,0.30805710622208043,minus,OK
JVASP-2817,K4IrO4,31,84,3,0.5459040374957023,0.15274216370314297,0.2797967283844195,minus,OK
JVASP-28223,FeC2O6,42,64,2,0.9583617742429453,0.8856300099399059,0.9241082373506668,minus,OK
JVASP-28223,FeC2O6,43,64,2,0.9596084843058461,0.9024902482441608,0.9404775624686114,minus,OK
JVASP-28223,FeC2O6,44,64,2,0.856011451046319,0.7845120019629288,0.9164737235746144,minus,OK
JVASP-28223,FeC2O6,45,64,2,0.8557425205040841,0.7984531618187272,0.9330530418757151,minus,OK
JVASP-31361,PdSe6Cl2,0,72,2,2.3337584328656344,2.021364696470294,0.8661413572218996,minus,OK
JVASP-31361,PdSe6Cl2,1,72,2,2.322600783270054,2.0083143648384096,0.8646834097811885,minus,OK
JVASP-31361,PdSe6Cl2,6,72,2,0.4175516281994621,0.16098336580649647,0.3855412239695437,minus,OK
JVASP-31361,PdSe6Cl2,7,72,2,0.4158504315811925,0.16035691676719072,0.38561200034700915,minus,OK
JVASP-31377,NbBr2O,44,68,2,1.2195090691695176,1.0436879282983524,0.8558262949279263,minus,OK
JVASP-31377,NbBr2O,45,68,2,1.2202835927003999,1.0441702702065452,0.8556783656296414,minus,OK
JVASP-34485,ZrCoF6,41,60,3,0.7252976717427241,0.6625738540475234,0.9135198965350465,minus,OK
JVASP-34485,ZrCoF6,42,60,3,0.7256507784104907,0.655511196313863,0.9033425110488192,minus,OK
JVASP-34485,ZrCoF6,44,60,3,0.3699918393445883,0.272997319823019,0.737846867937986,minus,OK
JVASP-34485,ZrCoF6,45,60,3,0.36856957382066236,0.27412910522470674,0.7437648810319101,minus,OK
JVASP-34818,NiPb2N6O12,134,136,3,0.35283176975858527,0.5965623486717512,1.690784106771143,minus,OK
JVASP-34818,NiPb2N6O12,135,136,3,0.35260927905514594,0.596266165950625,1.6910109896948362,minus,OK
JVASP-35289,TbInPt4,70,72,3,0.8305551961771451,0.8170704773185746,0.9837642110715368,minus,OK
JVASP-35289,TbInPt4,71,72,3,0.8367869135180508,0.8205923819271127,0.9806467676187091,minus,OK
JVASP-35414,ZnPd5Se,0,86,3,0.3849590134997556,0.3759056919458035,0.9764823754309682,minus,OK
JVASP-35414,ZnPd5Se,1,86,3,0.3840778843868429,0.37546289706881136,0.9775696865968087,minus,OK
JVASP-35528,CdAg2I4,8,68,3,2.8466332928609015,2.4674483116933223,0.8667952833550634,minus,OK
JVASP-35528,CdAg2I4,9,68,3,2.861520460018576,2.473701875744168,0.8644711475269722,minus,OK
JVASP-35707,HfPt3,46,48,3,0.3510626004154359,0.33316515456194373,0.9490192181328546,minus,OK
JVASP-35707,HfPt3,47,48,3,0.3407033979468049,0.32899856303822084,0.9656450890154857,minus,OK
JVASP-35832,Ca2H3Br,0,38,3,0.11252762367974285,0.10364523357101535,0.9210648033054794,minus,OK
JVASP-35832,Ca2H3Br,1,38,3,0.11257980783478988,0.10364847181725931,0.9206666258425557,minus,OK
JVASP-36449,Sr3BiP,2,52,3,0.009242157725521625,0.006281202551414429,0.6796251197995996,minus,OK
JVASP-36449,Sr3BiP,3,52,3,0.009244050839661557,0.006283369562892991,0.6797203598160909,minus,OK
JVASP-36451,Sr3AsP,2,52,3,0.021113474235781117,0.012346711553504256,0.5847787728170392,minus,OK
JVASP-36451,Sr3AsP,3,52,3,0.021007176957412495,0.012293369962495042,0.5851985722506736,minus,OK
JVASP-36462,Ca3BiAs,2,52,3,2.23932979092226,2.218489570604782,0.9906935457198134,minus,OK
JVASP-36462,Ca3BiAs,3,52,3,2.2394446618682573,2.21787977854887,0.9903704325958219,minus,OK
JVASP-36463,Ca3Sb2,2,52,3,1.445513360484986,1.433396181591914,0.991617387134349,minus,OK
JVASP-36463,Ca3Sb2,3,52,3,1.4453907613030075,1.433353261533484,0.9916718024690626,minus,OK
JVASP-36464,Ca3P2,2,52,3,2.850766083748242,2.8343894603914555,0.9942553605326839,minus,OK
JVASP-36464,Ca3P2,3,52,3,2.8510164959954007,2.83475982013851,0.9942979369359226,minus,OK
JVASP-36466,Ba3BiN,0,50,3,2.1785950896759863,2.1852431102890444,1.0030515173033125,minus,OK
JVASP-36466,Ba3BiN,1,50,3,2.1787435880188877,2.1834705721861796,1.0021695917744915,minus,OK
JVASP-36473,Ba3SbN,0,50,3,2.265409173105787,2.2548198201628145,0.99532563341374,minus,OK
JVASP-36473,Ba3SbN,1,50,3,2.26541111081579,2.254825343748046,0.9953272202925092,minus,OK
JVASP-36486,Sr3BiSb,0,52,3,2.234745822738544,2.219710195184751,0.9932718847034837,minus,OK
JVASP-36486,Sr3BiSb,1,52,3,2.2325487709795064,2.2192689793903133,0.9940517350564455,minus,OK
JVASP-36493,Ba3BiP,0,52,3,1.3365581661732298,1.3294042178304637,0.9946474844688212,minus,OK
JVASP-36493,Ba3BiP,1,52,3,1.3365445520504131,1.329358522959911,0.994623427195541,minus,OK
JVASP-36495,Ca3BiSb,2,52,3,2.7083964700205883,2.693389044848166,0.9944589260329717,minus,OK
JVASP-36495,Ca3BiSb,3,52,3,2.708486196875434,2.6933555844421613,0.9944136276379302,minus,OK
JVASP-36496,Sr3BiAs,2,52,3,0.0789258312429903,0.07673024744713361,0.9721816829638815,minus,OK
JVASP-36496,Sr3BiAs,3,52,3,0.07891395249403638,0.07673782751238487,0.9724240782158774,minus,OK
JVASP-36497,Sr3BiSb,2,52,3,2.537557396569321,2.529542815380705,0.9968416157997247,minus,OK
JVASP-36497,Sr3BiSb,3,52,3,2.537134730558152,2.5296665662549094,0.9970564573440687,minus,OK
JVASP-36504,Ba3BiP,2,52,3,0.008302498438735172,0.006845440185431786,0.8245036401927516,minus,OK
JVASP-36504,Ba3BiP,3,52,3,0.008311458190986136,0.006850041446765688,0.8241684298183236,minus,OK
JVASP-36506,Ba3BiAs,2,52,3,0.017744486396295,0.016226324034951157,0.9144431499769511,minus,OK
JVASP-36506,Ba3BiAs,3,52,3,0.017780134534259806,0.01625278909277267,0.9140982067068077,minus,OK
JVASP-36507,Ba3BiSb,2,52,3,0.8422446252558389,0.8385798511374836,0.9956488008252447,minus,OK
JVASP-36507,Ba3BiSb,3,52,3,0.8422125237982392,0.8385903131929637,0.9956991727112536,minus,OK
JVASP-36510,Ca3BiSb,0,52,3,2.395880922575139,2.3506672943249534,0.9811285995793192,minus,OK
JVASP-36510,Ca3BiSb,1,52,3,2.3946850385347505,2.3502318750957008,0.9814367389766424,minus,OK
JVASP-36511,Ba3AsN,0,50,3,2.9841375550064875,2.975271914054063,0.9970290776517488,minus,OK
JVASP-36511,Ba3AsN,1,50,3,2.984303842810181,2.9753891822069933,0.9970128173695635,minus,OK
JVASP-36512,Ca3Bi2,2,52,3,2.6687080134936783,2.660535619253169,0.9969376963687344,minus,OK
JVASP-36512,Ca3Bi2,3,52,3,2.6685366572168996,2.6606455460872245,0.997042906977375,minus,OK
JVASP-36598,HfHgO3,46,48,3,2.7265799712017875,2.720853366160433,0.9978997113226683,minus,OK
JVASP-36598,HfHgO3,47,48,3,2.726352244063584,2.720878260410034,0.9979921950050772,minus,OK
JVASP-36680,CaWN3,0,84,3,2.5343584723093766,2.12731182150832,0.8393886834682291,minus,OK
JVASP-36680,CaWN3,1,84,3,2.534422945002061,2.1273212055816937,0.8393710330696063,minus,OK
JVASP-36689,SrWN3,0,84,3,0.6747326678888252,0.6945351800425725,1.0293486785154593,minus,OK
JVASP-36689,SrWN3,1,84,3,0.6811835312303729,0.7014598981008041,1.0297663785761342,minus,OK
JVASP-36700,BaWN3,0,84,3,2.3649647729597048,1.9260262592177257,0.8143995552235408,minus,OK
JVASP-36700,BaWN3,1,84,3,2.3649930509543444,1.9260286370892694,0.8143908229717884,minus,OK
JVASP-37907,Ba2AgSb,0,44,3,2.743141846018589,2.7271589929189526,0.9941735229175866,minus,OK
JVASP-37907,Ba2AgSb,1,44,3,2.7430584529127993,2.726695770349523,0.9940348764548197,minus,OK
JVASP-38100,Rb2NaTlCl6,0,76,3,2.524948042762192,2.271559894521878,0.8996461931299315,minus,OK
JVASP-38100,Rb2NaTlCl6,1,76,3,2.5249145916640625,2.27154664916072,0.8996528661445302,minus,OK
JVASP-38116,Rb2LiTlCl6,0,70,3,2.4868026969663974,2.568763849920754,1.0329584462226695,minus,OK
JVASP-38116,Rb2LiTlCl6,1,70,3,2.486800352699177,2.5687620896621954,1.0329587121354784,minus,OK
JVASP-38303,RbNa2Sb,0,36,3,3.0086371181065017,2.9490880360635012,0.9802072899770385,minus,OK
JVASP-38303,RbNa2Sb,1,36,3,3.00972852038148,2.949016525401639,0.9798280826430996,minus,OK
JVASP-38635,KF2,0,48,3,1.2928153807815947,1.1102123354823095,0.8587555129573958,minus,OK
JVASP-38635,KF2,1,48,3,1.3250401377900511,1.1308678318203365,0.8534593025283278,minus,OK
JVASP-38635,KF2,22,48,3,1.4321316449247699,1.2450029501167776,0.8693355492344964,minus,OK
JVASP-38635,KF2,23,48,3,1.4027667805346695,1.2325220074449974,0.8786364380365618,minus,OK
JVASP-38655,K2PtC2,0,52,3,3.176569898864037,3.1777837570196064,1.0003821285834142,minus,OK
JVASP-38655,K2PtC2,1,52,3,3.1764716945351767,3.177742743824252,1.0004001450071984,minus,OK
JVASP-39092,Si2OsRu,38,40,3,1.2657162643925834,1.2563619265551715,0.9926094511854116,minus,OK
JVASP-39092,Si2OsRu,39,40,3,1.2682646247298304,1.2579108983446734,0.9918363043616686,minus,OK
JVASP-39996,Ba2HgPb,12,50,3,3.744272589157374,3.7476560829534407,1.0009036451581717,minus,OK
JVASP-39996,Ba2HgPb,13,50,3,3.744059655518048,3.7478370050655565,1.0010088913893083,minus,OK
JVASP-40117,AgBr,0,20,3,1.3738193666413545,1.3723710544451038,0.9989457768383397,minus,OK
JVASP-40117,AgBr,1,20,3,1.3738529463027422,1.3723867518409927,0.9989327864632854,minus,OK
JVASP-40227,Ca2AsAu,0,44,3,2.7872816758453274,2.784066802092052,0.9988465917237086,minus,OK
JVASP-40227,Ca2AsAu,1,44,3,2.7881732719603516,2.784026149365239,0.9985126022701607,minus,OK
JVASP-40299,Sr2BiAu,0,44,3,2.6968213583376768,2.693911192242446,0.9989208902969292,minus,OK
JVASP-40299,Sr2BiAu,1,44,3,2.6958839403116555,2.6938007016838377,0.9992272521095337,minus,OK
JVASP-40348,TaAlFe2,42,44,3,0.9161358038152279,0.8809834751949925,0.9616297840627511,minus,OK
JVASP-40348,TaAlFe2,43,44,3,0.9105247067670867,0.8792825292071367,0.9656877212361664,minus,OK
JVASP-40398,Rb2Hf2O5,0,78,3,1.925516480091681,1.9255931650765041,1.0000398256704712,minus,OK
JVASP-40398,Rb2Hf2O5,1,78,3,1.9248514669962433,1.9249656566787263,1.0000593238930073,minus,OK
JVASP-40403,Be2RuAu,38,40,3,0.019118555566166227,0.01076910154243663,0.5632800817596555,minus,OK
JVASP-40403,Be2RuAu,39,40,3,0.017423928257884854,0.009699526794554807,0.5566785314422699,minus,OK
JVASP-40522,Ca2BiAu,0,44,3,2.662112000422316,2.65105666002828,0.9958471542924257,minus,OK
JVASP-40522,Ca2BiAu,1,44,3,2.661201671977432,2.6507929727531296,0.996088722123578,minus,OK
JVASP-40763,KBaP,0,32,3,1.245512973848022,1.230603600430863,0.9880295318232645,minus,OK
JVASP-40763,KBaP,1,32,3,1.2410543996132728,1.2308477123253823,0.9917757937999566,minus,OK
JVASP-40858,Ba2BiAu,0,44,3,2.7039217527641015,2.7020859358536855,0.9993210539807451,minus,OK
JVASP-40858,Ba2BiAu,1,44,3,2.703548429112061,2.7018664292364507,0.9993778547269587,minus,OK
JVASP-41249,HfGaRu2,42,44,3,0.11687651657079212,0.08770918836797423,0.750443210846798,minus,OK
JVASP-41249,HfGaRu2,43,44,3,0.11336926543602252,0.0853697071222283,0.7530233771374732,minus,OK
JVASP-41780,Ba2AsAu,0,44,3,2.1466601491732216,2.1540848142459352,1.0034587054106228,minus,OK
JVASP-41780,Ba2AsAu,1,44,3,2.1481989461277022,2.15011182378424,1.0008904564728447,minus,OK
JVASP-41892,TaAlOs2,42,44,3,0.14028978023760702,0.12234334413850154,0.8720759554351726,minus,OK
JVASP-41892,TaAlOs2,43,44,3,0.1368260374862211,0.12004961880694329,0.8773886974475361,minus,OK
JVASP-41948,Rb2Zr2O5,0,78,3,1.7062971316173514,1.7137280750237096,1.0043550113685737,minus,OK
JVASP-41948,Rb2Zr2O5,1,78,3,1.7060590994006417,1.7133448315070758,1.0042705039403346,minus,OK
JVASP-4438,CrSiTe3,14,88,3,0.24979540779101483,0.22851060679876764,0.9147910636929939,minus,OK
JVASP-4438,CrSiTe3,15,88,3,0.24746320254653092,0.22834331233869137,0.9227364310690014,minus,OK
JVASP-4456,Nb2CS2,0,44,3,0.17383118447481416,0.10198569982813817,0.5866939245467464,minus,OK
JVASP-4456,Nb2CS2,1,44,3,0.17644586629766085,0.10332446020496011,0.585587309994861,minus,OK
JVASP-44705,MnSb4O12,114,116,3,0.10627261881303417,0.030427094182235846,0.28631170024864405,minus,OK
JVASP-44705,MnSb4O12,115,116,3,0.1006257426402278,0.029099963681040744,0.2891900513478274,minus,OK
JVASP-4501,VAgP2Se6,0,88,3,1.170920542343305,0.7389919880574345,0.631120525546957,minus,OK
JVASP-4501,VAgP2Se6,1,88,3,1.1729643026983723,0.7389125015952784,0.6299531024903575,minus,OK
JVASP-4501,VAgP2Se6,2,88,3,0.6467284731860508,0.1584685764430856,0.24503108029619314,minus,OK
JVASP-4501,VAgP2Se6,3,88,3,0.6460319221156577,0.1565330037922661,0.24229917815770458,minus,OK
JVASP-4501,VAgP2Se6,14,88,3,0.7870671504939336,0.3616259822057095,0.459460138793452,minus,OK
JVASP-4501,VAgP2Se6,15,88,3,0.7869606493758282,0.3572538903722531,0.45396665088096366,minus,OK
JVASP-51203,ReRuBr,0,32,3,1.0802355528949217,1.072023999400807,0.992398367678134,minus,OK
JVASP-51203,ReRuBr,1,32,3,1.081525718403573,1.0718070321827142,0.9910139111299134,minus,OK
JVASP-51208,LiTaBe,20,22,3,0.21940987615036678,0.19639593507929645,0.8951098215136937,minus,OK
JVASP-51208,LiTaBe,21,22,3,0.2014350480063492,0.18157763339595204,0.9014202602430375,minus,OK
JVASP-5311,HgPS3,2,88,3,0.19220774391082632,0.2475226756229355,1.2877872170320683,minus,OK
JVASP-5311,HgPS3,3,88,3,0.19206693699309557,0.24739341842454093,1.2880583316296352,minus,OK
JVASP-5314,UCl5,60,92,3,0.6816623437865348,0.23414966022314715,0.3434980124066704,minus,OK
JVASP-5314,UCl5,61,92,3,0.6790112140018763,0.23462541839769563,0.34553982844390446,minus,OK
JVASP-5335,NbSe2Cl2,4,80,3,1.9527560034568208,1.3934557801132545,0.7135841741858798,minus,OK
JVASP-5335,NbSe2Cl2,5,80,3,1.952973162991381,1.3936368992283235,0.7135975678711741,minus,OK
JVASP-5335,NbSe2Cl2,6,80,3,2.076749785473165,1.5589715869833523,0.7506785833750104,minus,OK
JVASP-5335,NbSe2Cl2,7,80,3,2.0769075865785593,1.5591626917410084,0.750713561747603,minus,OK
JVASP-5335,NbSe2Cl2,52,80,3,2.3169575610736093,1.913196689617494,0.8257366132899626,minus,OK
JVASP-5335,NbSe2Cl2,53,80,3,2.317008156429078,1.913075667945282,0.8256663502184957,minus,OK
JVASP-5335,NbSe2Cl2,54,80,3,2.6323313243465667,2.234267312333623,0.8487789100364269,minus,OK
JVASP-5335,NbSe2Cl2,55,80,3,2.63252926668799,2.2343961713392666,0.8487640383008473,minus,OK
JVASP-5365,CrCl3,56,60,3,0.9636199642225053,0.7768677200884381,0.8061972031839877,minus,OK
JVASP-5365,CrCl3,57,60,3,0.9617513450945725,0.7757295698837778,0.8065801767165686,minus,OK
JVASP-5365,CrCl3,58,60,3,0.9754512287828181,0.7596615036332564,0.7787795855064663,minus,OK
JVASP-5365,CrCl3,59,60,3,0.9747538946709868,0.7581336914156771,0.7777693380456545,minus,OK
JVASP-54664,ScIr3C,0,56,3,0.0646764484576336,0.030185806065697034,0.4667202171045352,minus,OK
JVASP-54664,ScIr3C,1,56,3,0.0527369121321226,0.03014482440515468,0.5716076877924211,minus,OK
JVASP-54890,RbW3Cl9,158,204,3,0.6266615092421942,0.09930644059570426,0.15846902854428224,minus,OK
JVASP-54890,RbW3Cl9,159,204,3,0.6309108349994619,0.10116725128426451,0.160351107750988,minus,OK
JVASP-56172,Mg3Si8Ir3,0,248,3,0.4614479611279416,2.5259786563265196,5.474027125728623,plus,OK
JVASP-56172,Mg3Si8Ir3,1,248,3,0.4604907548807199,2.5444197917899434,5.5254524978444355,plus,OK
JVASP-5668,TaCl4,48,72,3,0.1787533446232618,0.09489184022850732,0.5308535089427283,minus,OK
JVASP-5668,TaCl4,49,72,3,0.17849396082709507,0.09497994370773406,0.532118528087009,minus,OK
JVASP-5668,TaCl4,50,72,3,0.2656336475646835,0.12997702547495296,0.48930934264757525,minus,OK
JVASP-5668,TaCl4,51,72,3,0.26583793466567956,0.13014762621368614,0.4895750727877159,minus,OK
JVASP-5668,TaCl4,56,72,3,0.4207467600767617,0.3369939822307654,0.8009425483615932,minus,OK
JVASP-5668,TaCl4,57,72,3,0.4206004163991214,0.3369752403140465,0.8011766683423341,minus,OK
JVASP-5668,TaCl4,58,72,3,0.21791672165314785,0.1384637116827039,0.6353973693817442,minus,OK
JVASP-5668,TaCl4,59,72,3,0.2186545009543521,0.1386696545631976,0.6341952896370849,minus,OK
JVASP-5668,TaCl4,60,72,3,0.5483779953877399,0.422867520933418,0.7711241597767292,minus,OK
JVASP-5668,TaCl4,61,72,3,0.5479316510909187,0.42347872222907135,0.7728677863122808,minus,OK
JVASP-5743,Nb3Cl8,108,168,3,0.42595687566853485,0.390229811729358,0.9161251620058871,minus,OK
JVASP-5743,Nb3Cl8,109,168,3,0.4316497258930059,0.4001756144591678,0.9270841389538155,minus,OK
JVASP-5743,Nb3Cl8,110,168,3,0.42143241194925873,0.3849840980082841,0.9135132635565698,minus,OK
JVASP-5743,Nb3Cl8,111,168,3,0.4278632396469087,0.3957538384833841,0.9249540549685392,minus,OK
JVASP-5839,AlSiTe3,14,80,3,1.9916885222748002,1.9471126505289815,0.9776190547631883,minus,OK
JVASP-5839,AlSiTe3,15,80,3,1.9918654401711704,1.9467240976270532,0.9773371525838422,minus,OK
JVASP-5887,CdBr2,4,28,2,11.175710153283074,11.13401712614154,0.9962693174241561,minus,OK
JVASP-5887,CdBr2,5,28,2,11.171733086396028,11.134240289695587,0.9966439587832531,minus,OK
JVASP-5905,BCl3,0,26,2,0.010553485237125269,0.09232837144385808,8.748614260534845,minus,OK
JVASP-5905,BCl3,1,26,2,0.01099756545907819,0.09685470800075272,8.806922619478641,minus,OK
JVASP-5905,BCl3,6,26,2,0.0008521116158924315,0.08005427640209183,93.94811068060558,minus,OK
JVASP-5905,BCl3,7,26,2,0.0007343410523766773,0.08003738898073734,108.99212119722606,minus,OK
JVASP-5905,BCl3,18,26,2,0.850865487126377,0.8833167058739535,1.0381390704389408,minus,OK
JVASP-5905,BCl3,19,26,2,0.8508619606869683,0.8832809690933077,1.0381013723779178,minus,OK
JVASP-5968,SbI3,26,64,2,6.451865720768138,6.3997382149325945,0.9919205532025025,minus,OK
JVASP-5968,SbI3,27,64,2,6.44982274706462,6.4003540894292845,0.992330229903163,minus,OK
JVASP-5968,SbI3,28,64,2,4.652631220954061,4.610096565306463,0.9908579352999151,minus,OK
JVASP-5968,SbI3,29,64,2,4.662009768008783,4.609626211626163,0.9887637394623062,minus,OK
JVASP-5968,SbI3,52,64,2,4.694549573684011,4.612313348775598,0.9824826165710551,minus,OK
JVASP-5968,SbI3,53,64,2,4.693464735448252,4.613189762803811,0.9828964363920433,minus,OK
JVASP-6004,BBr3,6,32,2,1.4835585978336743,1.5774488871754178,1.0632872132444544,minus,OK
JVASP-6004,BBr3,7,32,2,1.4835731831466155,1.5773467320095285,1.0632079023321397,minus,OK
JVASP-6004,BBr3,8,32,2,2.23074914379626,2.308676909085827,1.0349334507227246,minus,OK
JVASP-6004,BBr3,9,32,2,2.227466682702297,2.312547839045018,1.0381963766297517,minus,OK
JVASP-6004,BBr3,10,32,2,2.475848777222089,2.563906576522478,1.0355667115498024,plus,OK
JVASP-6004,BBr3,11,32,2,2.4825804347472484,2.5830020192460914,1.040450485749948,plus,OK
JVASP-6004,BBr3,12,32,2,0.011589069565244286,0.09377005369928265,8.091249532274775,minus,OK
JVASP-6004,BBr3,13,32,2,0.011468472685462517,0.09375656749580386,8.175157239084683,minus,OK
JVASP-6004,BBr3,22,32,2,3.8126587972034423,3.8340461221922277,1.005609556513285,minus,OK
JVASP-6004,BBr3,23,32,2,3.7630285330891526,3.7905228569351586,1.0073064351237953,minus,OK
JVASP-6004,BBr3,24,32,2,0.5118517694431997,0.5479902374908411,1.0706033859899584,minus,OK
JVASP-6004,BBr3,25,32,2,0.5118348996220445,0.5479426141699246,1.0705456282378227,minus,OK
JVASP-6004,BBr3,26,32,2,1.4444767002029049,1.5656900488728904,1.0839150597949823,minus,OK
JVASP-6004,BBr3,27,32,2,1.4454935716699844,1.5705159908090272,1.0864911623194586,minus,OK
JVASP-60236,Nb2O5,28,54,2,3.1987007876222826,2.889676300056479,0.903390623855283,minus,OK
JVASP-60236,Nb2O5,29,54,2,3.195791616987501,2.8896543581134386,0.9042061261920947,minus,OK
JVASP-60236,Nb2O5,30,54,2,3.200039425044404,2.8814368835180226,0.9004379324101732,minus,OK
JVASP-60236,Nb2O5,31,54,2,3.2003915424906593,2.8814756538969992,0.9003509775727415,minus,OK
JVASP-60236,Nb2O5,32,54,2,2.7360852256718373,2.3947520521419046,0.8752476091287984,minus,OK
JVASP-60236,Nb2O5,33,54,2,2.7346995615683323,2.3951126570819756,0.8758229572057247,minus,OK
JVASP-60237,Te2Au,8,28,2,2.991788113588755,2.903762319217031,0.9705775305504059,minus,OK
JVASP-60237,Te2Au,9,28,2,2.9908134944472984,2.9028197239324203,0.9705786500300851,minus,OK
JVASP-60237,Te2Au,10,28,2,3.8828175343170983,3.808640591541592,0.9808961038936505,minus,OK
JVASP-60237,Te2Au,11,28,2,3.8919043232737294,3.8171233592227374,0.9807855081113379,minus,OK
JVASP-60241,Ge3Sb2O9,16,94,2,2.554898796211477,2.4046235848577258,0.9411815405069719,minus,OK
JVASP-60241,Ge3Sb2O9,17,94,2,2.52963991544176,2.386681073901662,0.9434864856980513,minus,OK
JVASP-60241,Ge3Sb2O9,18,94,2,2.4759980000017343,2.127784273636471,0.8593642941694543,minus,OK
JVASP-60241,Ge3Sb2O9,19,94,2,2.470714995298551,2.1255824686489797,0.8603106682452999,minus,OK
JVASP-60241,Ge3Sb2O9,20,94,2,3.2596028618181423,3.244310583690149,0.9953085456185102,minus,OK
JVASP-60241,Ge3Sb2O9,21,94,2,3.258277195336939,3.2429043862034463,0.9952819210239406,minus,OK
JVASP-60241,Ge3Sb2O9,56,94,2,4.334540029567212,4.375756623371208,1.009508873726588,minus,OK
JVASP-60241,Ge3Sb2O9,57,94,2,4.3355896722301885,4.376816169623586,1.0095088558904586,minus,OK
JVASP-60241,Ge3Sb2O9,58,94,2,2.1580106438837037,2.0168396005707265,0.9345827863671163,minus,OK
JVASP-60241,Ge3Sb2O9,59,94,2,2.34750768329408,2.17406420256471,0.9261159049814098,minus,OK
JVASP-60261,CuBr,0,20,2,0.07183757639353242,0.07573284360004573,1.0542232547653712,minus,OK
JVASP-60261,CuBr,1,20,2,0.07184309069154277,0.07574931293977546,1.0543715785419645,minus,OK
JVASP-60261,CuBr,6,20,2,1.8474124999724681,1.779190583846559,0.9630716387775194,minus,OK
JVASP-60261,CuBr,7,20,2,1.845375868462213,1.7788299244705221,0.9639390841026089,minus,OK
JVASP-60280,UBr4,14,96,2,0.4889615201529786,0.410433785122448,0.8393989469642477,minus,OK
JVASP-60280,UBr4,15,96,2,0.49032308792434354,0.4166043197628807,0.849652667849005,minus,OK
JVASP-60280,UBr4,64,96,2,0.9411458242249797,0.8234678681379985,0.8749631002359414,minus,OK
JVASP-60280,UBr4,65,96,2,1.1319198489739042,1.0051120308970474,0.8879710271077857,minus,OK
JVASP-6031,MnI2,24,28,2,1.5666119579413929,1.5147998941030298,0.9669273149769348,minus,OK
JVASP-6031,MnI2,25,28,2,1.509605631870759,1.4503929545967886,0.9607760622881409,minus,OK
JVASP-6034,CoBr2,24,28,2,1.854758412312334,1.7848512311958202,0.9623092793905379,minus,OK
JVASP-6034,CoBr2,25,28,2,1.7891215056934524,1.7102192499686386,0.9558988836287943,minus,OK
JVASP-60349,Ta3SBr7,4,98,2,1.3339769440955087,1.2754161906108745,0.95610062546895,minus,OK
JVASP-60349,Ta3SBr7,5,98,2,1.3090602279955978,1.246345835973248,0.95209204994458,minus,OK
JVASP-60349,Ta3SBr7,6,98,2,0.8884355298839974,0.7493765145912057,0.8434787774516981,minus,OK
JVASP-60349,Ta3SBr7,7,98,2,0.9382322913629243,0.8014568406721164,0.8542200562164399,minus,OK
JVASP-60349,Ta3SBr7,12,98,2,0.14064311915232452,0.039155187163459844,0.2784010152750704,minus,OK
JVASP-60349,Ta3SBr7,13,98,2,0.2388622530204898,0.03482480482654354,0.14579450870186778,minus,OK
JVASP-60349,Ta3SBr7,62,98,2,0.9725845355896056,0.8366100396338498,0.8601926197877241,minus,OK
JVASP-60349,Ta3SBr7,63,98,2,0.9777607464683513,0.8398204547821196,0.8589222443379234,minus,OK
JVASP-60349,Ta3SBr7,68,98,2,1.18002775531997,1.0580232034365697,0.8966087438762674,minus,OK
JVASP-60349,Ta3SBr7,69,98,2,1.1918355972517292,1.067680869868807,0.8958289820599314,minus,OK
JVASP-60389,CrGeTe3,14,88,2,0.31559474156217104,0.12805288652263364,0.4057510143824994,minus,OK
JVASP-60389,CrGeTe3,15,88,2,0.310255884071959,0.126815090041348,0.40874354541471075,minus,OK
JVASP-60391,CoH2SeO4,82,96,2,0.3473495313548906,0.18253980772606734,0.5255219634644175,minus,OK
JVASP-60391,CoH2SeO4,83,96,2,0.3422689083192456,0.17723050723445816,0.5178107123570492,minus,OK
JVASP-60443,CrCl3,37,60,2,2.506281573896481,2.4099103820248384,0.9615481385350427,minus,OK
JVASP-60443,CrCl3,38,60,2,2.414809327379376,2.3227703326536515,0.9618856057568702,minus,OK
JVASP-60443,CrCl3,56,60,2,1.0604326276135272,1.0075758561254395,0.9501554647492879,minus,OK
JVASP-60443,CrCl3,57,60,2,1.0604778650256863,1.005854709942797,0.9484919422796568,minus,OK
JVASP-60525,VAgP2Se6,0,88,2,1.8084995305394085,1.6186995474513202,0.8950511294678202,minus,OK
JVASP-60525,VAgP2Se6,1,88,2,1.8102773041880966,1.61894457206839,0.894307501023707,minus,OK
JVASP-60525,VAgP2Se6,2,88,2,0.3589033544654936,0.10220159037365373,0.2847607555127485,minus,OK
JVASP-60525,VAgP2Se6,3,88,2,0.3569822075036695,0.10173978145794588,0.2849995863082338,minus,OK
JVASP-60525,VAgP2Se6,14,88,2,0.28790322330851975,0.12833417442332573,0.4457545592874507,minus,OK
JVASP-60525,VAgP2Se6,15,88,2,0.2866421879570429,0.1275861784167392,0.44510607222918513,minus,OK
JVASP-60525,VAgP2Se6,61,88,2,0.9961504977493691,0.9733022338123701,0.9770634417303201,minus,OK
JVASP-60525,VAgP2Se6,62,88,2,0.9123441094973083,0.8790572063681716,0.963514968987439,minus,OK
JVASP-60529,Li2UBr6,53,68,2,1.9473424905717183,1.9041284087742585,0.9778086895311504,minus,OK
JVASP-60529,Li2UBr6,54,68,2,1.481704378085096,1.4380671153531148,0.9705492786702996,minus,OK
JVASP-60543,GaAgP2Se6,16,84,2,4.367828341180553,4.1693034640892055,0.9545483792896289,minus,OK
JVASP-60543,GaAgP2Se6,17,84,2,4.359075408109173,4.160142272498131,0.9543634562409801,minus,OK
JVASP-6055,FeCl2,20,24,2,1.8319128748390519,1.7762628788911212,0.9696219199546704,minus,OK
JVASP-6055,FeCl2,21,24,2,1.797488713333815,1.7432884753542823,0.9698466880056191,minus,OK
JVASP-60558,YBr3,16,72,2,4.221437417105413,4.042894577621297,0.9577056765639461,minus,OK
JVASP-60558,YBr3,17,72,2,4.193919883071043,4.01242545254113,0.9567243925515784,minus,OK
JVASP-60578,CrP2S7,4,70,2,0.3877837299547652,0.21620572725635073,0.5575420280824341,minus,OK
JVASP-60578,CrP2S7,5,70,2,0.3836263990403802,0.20929286275762451,0.5455642867153011,minus,OK
JVASP-60578,CrP2S7,54,70,2,0.7576052205399106,0.44126056691413706,0.5824412965365666,minus,OK
JVASP-60578,CrP2S7,55,70,2,0.756534283551247,0.4608447330221045,0.6091524773455785,minus,OK
JVASP-6079,InSe,4,32,2,1.8882006773032953,1.9076729772159973,1.0103126220357637,minus,OK
JVASP-6079,InSe,5,32,2,1.8912211766251086,1.9115485481031493,1.0107482782708235,minus,OK
JVASP-6088,CrBr3,52,72,2,1.3368212806154718,1.1040484058771791,0.8258758458489499,minus,OK
JVASP-6088,CrBr3,53,72,2,0.9598697860415681,0.7481084772407367,0.7793853792667864,minus,OK
JVASP-6088,CrBr3,68,72,2,1.1612419516413328,1.0257517179238849,0.8833229943803338,minus,OK
JVASP-6088,CrBr3,69,72,2,1.1611356524575387,1.023849881969767,0.8817659502598107,minus,OK
JVASP-6094,BiI3,24,64,2,5.906160537124707,5.87211850309119,0.9942361820645517,minus,OK
JVASP-6094,BiI3,25,64,2,5.895647906855265,5.875424897881807,0.9965698411280729,minus,OK
JVASP-6094,BiI3,26,64,2,4.397014813827941,4.35673305275024,0.9908388388979221,minus,OK
JVASP-6094,BiI3,27,64,2,4.400409099865383,4.35718166307761,0.9901764959105517,minus,OK
JVASP-6094,BiI3,28,64,2,3.1396689571216143,3.12192154255581,0.99434736120012,minus,OK
JVASP-6094,BiI3,29,64,2,3.1468682839624913,3.1216778435639188,0.9919950763344778,minus,OK
JVASP-6106,BI3,0,32,2,0.0010500990724022297,0.08686623742702915,82.72194472880739,minus,OK
JVASP-6106,BI3,1,32,2,0.0011147435611900598,0.08695665532431984,78.00597227176452,minus,OK
JVASP-6106,BI3,6,32,2,2.204721651474154,2.310175943307029,1.0478311136294074,minus,OK
JVASP-6106,BI3,7,32,2,2.2047560465651657,2.3105282408187,1.047974556830593,minus,OK
JVASP-6106,BI3,8,32,2,3.623595760366398,3.7155287434145876,1.0253706509025426,minus,OK
JVASP-6106,BI3,9,32,2,3.6204719242028194,3.720392240180567,1.027598699304856,minus,OK
JVASP-6106,BI3,10,32,2,3.4997988496263526,3.5960185442281896,1.0274929213752126,plus,OK
JVASP-6106,BI3,11,32,2,3.513273455680971,3.624275720180701,1.0315951109129404,minus,OK
JVASP-6106,BI3,12,32,2,3.1106115463097876,3.196200384988171,1.027515116369937,minus,OK
JVASP-6106,BI3,13,32,2,3.1094900541693407,3.19668024924335,1.0280400302155979,minus,OK
JVASP-6106,BI3,14,32,2,4.041084945171323,4.133046590433766,1.022756672158631,minus,OK
JVASP-6106,BI3,15,32,2,4.214958811303616,4.321997202312531,1.0253948842208995,minus,OK
JVASP-6106,BI3,22,32,2,4.0477248858596875,4.036656938611549,0.9972656374728424,minus,OK
JVASP-6106,BI3,23,32,2,3.9724784391731705,3.9701189391815266,0.9994060383139209,minus,OK
JVASP-6106,BI3,24,32,2,1.327204506073688,1.3682444633595785,1.0309221051451223,minus,OK
JVASP-6106,BI3,25,32,2,1.327450789922343,1.3683595190488487,1.030817510853942,minus,OK
JVASP-6109,MoBr3,10,72,2,0.10502799043473957,0.07792212229694521,0.7419176733212189,minus,OK
JVASP-6109,MoBr3,11,72,2,0.12044078682172181,0.09234471890759526,0.766722979353209,minus,OK
JVASP-6115,AlI3,0,64,2,0.838763048545323,0.6360048059183379,0.7582651703855681,minus,OK
JVASP-6115,AlI3,1,64,2,0.8385978011411126,0.6357188475642636,0.758073592250321,minus,OK
JVASP-6115,AlI3,2,64,2,2.1995489413067264,2.0117008029255294,0.9145969726549487,minus,OK
JVASP-6115,AlI3,3,64,2,2.199417314134352,2.0116918643430237,0.9146476439078078,minus,OK
JVASP-6115,AlI3,48,64,2,4.51203572195732,4.363161114050907,0.9670050023802048,minus,OK
JVASP-6115,AlI3,49,64,2,4.511881675715809,4.363106723174006,0.9670259631712971,minus,OK
JVASP-6115,AlI3,50,64,2,2.0946379942424453,1.9598903153388074,0.935670182974805,minus,OK
JVASP-6115,AlI3,51,64,2,2.0945113360939045,1.9598174088660514,0.9356919559676166,minus,OK
JVASP-6118,TiI3,0,72,2,0.8100328915027042,0.6161368656304955,0.7606319102518057,minus,OK
JVASP-6118,TiI3,1,72,2,0.8121733273656047,0.6165909492417283,0.7591864057414018,minus,OK
JVASP-6307,MgPSe3,0,80,2,6.083473807059454,6.128383606832963,1.0073822623714421,minus,OK
JVASP-6307,MgPSe3,1,80,2,6.0835674129290656,6.128435382953031,1.0073752729243388,minus,OK
JVASP-6307,MgPSe3,2,80,2,2.5307101851073925,2.600941302976808,1.027751545112794,minus,OK
JVASP-6307,MgPSe3,3,80,2,2.53056962334348,2.600919473951367,1.0278000059587131,minus,OK
JVASP-6307,MgPSe3,14,80,2,4.928413137487613,5.014407816001288,1.0174487560427032,minus,OK
JVASP-6307,MgPSe3,15,80,2,4.928694485908741,5.014416173201386,1.017392371861905,minus,OK
JVASP-6313,AlSiTe3,14,80,2,6.0271972921504915,5.874997523904112,0.9747478370345373,minus,OK
JVASP-6313,AlSiTe3,15,80,2,6.027581878645914,5.874819376787741,0.9746560884723326,minus,OK
JVASP-6319,CrSiTe3,14,88,2,0.2785790461871265,0.15004123853792495,0.5385948462079937,minus,OK
JVASP-6319,CrSiTe3,15,88,2,0.27474027191912775,0.14985453159822443,0.5454407195255868,minus,OK
JVASP-6352,ScAgP2Se6,0,88,2,6.247150858294686,6.311775814448499,1.0103447087511912,minus,OK
JVASP-6352,ScAgP2Se6,1,88,2,6.248390114210973,6.313821061070292,1.0104716488028662,minus,OK
JVASP-6352,ScAgP2Se6,2,88,2,5.806391305074802,5.896904278053075,1.0155885072539228,minus,OK
JVASP-6352,ScAgP2Se6,3,88,2,5.8064537555123525,5.896968713305616,1.0155886814232065,minus,OK
JVASP-6352,ScAgP2Se6,14,88,2,3.4892218895726943,3.560060204494385,1.0203020378650571,minus,OK
JVASP-6352,ScAgP2Se6,15,88,2,3.4893911146397874,3.560456657300405,1.0203661728725282,minus,OK
JVASP-6370,ScAgP2S6,2,76,2,5.981007666367434,6.047924091094892,1.0111881523081376,minus,OK
JVASP-6370,ScAgP2S6,3,76,2,5.981352541747052,6.04838694524152,1.0112072316464544,minus,OK
JVASP-6382,Nb3TeCl7,0,86,2,4.633712543044826,4.6378929348053095,1.000902168989045,minus,OK
JVASP-6382,Nb3TeCl7,1,86,2,4.634283684138785,4.638470309653288,1.000903402942041,minus,OK
JVASP-6382,Nb3TeCl7,50,86,2,3.171854539492477,3.2086316757672786,1.011594836969001,minus,OK
JVASP-6382,Nb3TeCl7,51,86,2,3.1797285153522674,3.215102548061772,1.011124859414479,minus,OK
JVASP-6382,Nb3TeCl7,56,86,2,0.8919622385169281,0.942266471176366,1.0563972671568238,minus,OK
JVASP-6382,Nb3TeCl7,57,86,2,0.8961504645300677,0.9508320768373224,1.0610183384058491,minus,OK
JVASP-6394,TaI2Cl2,0,80,2,2.737925158485417,2.7092198459230956,0.9895156693844032,minus,OK
JVASP-6394,TaI2Cl2,1,80,2,2.738709362213017,2.7092807521912587,0.989254569897852,minus,OK
JVASP-6394,TaI2Cl2,2,80,2,0.08861908466973784,0.07841121515306192,0.8848118376000135,minus,OK
JVASP-6394,TaI2Cl2,3,80,2,0.088371399384617,0.07827466925276898,0.8857466306728466,minus,OK
JVASP-6394,TaI2Cl2,4,80,2,1.1270130207867173,1.1083007712511015,0.9833965986279789,minus,OK
JVASP-6394,TaI2Cl2,5,80,2,1.126920052462561,1.1082691066581767,0.9834496282468058,minus,OK
JVASP-6394,TaI2Cl2,6,80,2,0.14153310821402687,0.14018397600819105,0.9904677271427145,minus,OK
JVASP-6394,TaI2Cl2,7,80,2,0.14137164622874243,0.14010543394538455,0.9910433788023582,minus,OK
JVASP-6394,TaI2Cl2,56,80,2,1.9786775300635546,1.8166218005198966,0.9180989690935375,minus,OK
JVASP-6394,TaI2Cl2,57,80,2,1.9786933180179558,1.8167353182475554,0.9181490136467269,minus,OK
JVASP-6394,TaI2Cl2,58,80,2,1.9127608597060535,1.7326750788882248,0.9058503419787126,minus,OK
JVASP-6394,TaI2Cl2,59,80,2,1.9127226833764048,1.7326754660041868,0.9058686243766438,minus,OK
JVASP-6397,CrI2,38,56,2,3.3206136079503064,3.1711351491850728,0.9549846876470819,minus,OK
JVASP-6397,CrI2,39,56,2,3.294486955544447,3.1456201146744984,0.9548133463939161,minus,OK
JVASP-6418,AlBr3,0,64,2,0.0019221869422071458,0.01711979198204194,8.906413630291436,minus,OK
JVASP-6418,AlBr3,1,64,2,0.0019018225128949568,0.016995272939961822,8.936308632760685,minus,OK
JVASP-6418,AlBr3,2,64,2,0.0028503953778948724,0.012778558436113523,4.483082780449561,minus,OK
JVASP-6418,AlBr3,3,64,2,0.0028165259328462424,0.012761829716445825,4.531053510858091,minus,OK
JVASP-6418,AlBr3,16,64,2,0.09991506284848536,0.1248065790604192,1.2491267632957423,minus,OK
JVASP-6418,AlBr3,17,64,2,0.09993352660670607,0.12484450509028658,1.2492754867104714,minus,OK
JVASP-6418,AlBr3,52,64,2,0.3667953122437248,0.4384459448241563,1.195342279982089,minus,OK
JVASP-6418,AlBr3,53,64,2,0.3666425775270171,0.4383349318923454,1.1955374491661308,minus,OK
JVASP-6448,S5N6,0,66,2,1.163014109112566,1.1851651308130813,1.019046219239264,minus,OK
JVASP-6448,S5N6,1,66,2,1.1637394111957504,1.184429926876406,1.0177793374372326,minus,OK
JVASP-6448,S5N6,2,66,2,5.164501340230384,5.122398557458922,0.9918476576928174,minus,OK
JVASP-6448,S5N6,3,66,2,5.156406147194056,5.122105851410344,0.9933480228662018,minus,OK
JVASP-6448,S5N6,4,66,2,0.8821461734476321,0.7945877216397541,0.9007438285815158,minus,OK
JVASP-6448,S5N6,5,66,2,0.8822230662254015,0.795762416566163,0.9019968384762812,minus,OK
JVASP-6448,S5N6,6,66,2,1.8710113341674894,1.4656273447331647,0.7833342951849614,minus,OK
JVASP-6448,S5N6,7,66,2,1.891090584883914,1.4906276500551043,0.7882370426727113,minus,OK
JVASP-6448,S5N6,12,66,2,1.0062004278214949,0.9779313871848029,0.971905159394638,minus,OK
JVASP-6448,S5N6,13,66,2,1.0144244442564774,0.9794458175109011,0.9655187461780715,minus,OK
JVASP-6448,S5N6,14,66,2,0.7349715905484768,0.7759674917815783,1.055778892354884,minus,OK
JVASP-6448,S5N6,15,66,2,0.7350802282206486,0.7760613697789575,1.055750569781354,minus,OK
JVASP-6448,S5N6,16,66,2,1.115606249683597,1.1304281455355651,1.0132859562737049,minus,OK
JVASP-6448,S5N6,17,66,2,1.1187773639288017,1.1297479143487417,1.0098058387429423,minus,OK
JVASP-6448,S5N6,18,66,2,2.360932963729016,2.198357555898145,0.9311393375718349,minus,OK
JVASP-6448,S5N6,19,66,2,2.3420341416835653,2.1990338696303358,0.9389418499465452,minus,OK
JVASP-6448,S5N6,36,66,2,0.9952002566723449,1.0013033618038585,1.006132539748252,minus,OK
JVASP-6448,S5N6,37,66,2,0.9893311828946793,1.0003006592193184,1.0110877697118004,minus,OK
JVASP-6448,S5N6,38,66,2,1.079472246724016,0.703830289811183,0.6520133259073294,minus,OK
JVASP-6448,S5N6,39,66,2,1.0814234482220109,0.7049113721477227,0.6518365893643985,minus,OK
JVASP-6448,S5N6,40,66,2,0.8090494159491118,0.7606005516019001,0.9401163100891984,minus,OK
JVASP-6448,S5N6,41,66,2,0.8095783377096322,0.7594779274270407,0.9381154263288097,minus,OK
JVASP-6478,S3N2Cl2,0,42,2,0.8059181129345243,0.8510889998294532,1.0560489783886997,minus,OK
JVASP-6478,S3N2Cl2,1,42,2,0.8153586363989656,0.8635475240294072,1.0591014622022867,minus,OK
JVASP-6478,S3N2Cl2,2,42,2,1.2697832841304084,1.307593480264477,1.0297768891799222,minus,OK
JVASP-6478,S3N2Cl2,3,42,2,1.262157603310787,1.2972283035652679,1.027786308272823,minus,OK
JVASP-6478,S3N2Cl2,4,42,2,0.7765652369606414,0.8086128970822517,1.041268471206669,minus,OK
JVASP-6478,S3N2Cl2,5,42,2,0.7745925084932751,0.80703024828476,1.0418771669436646,minus,OK
JVASP-6478,S3N2Cl2,6,42,2,1.163301845324363,1.2064381372609145,1.0370809107798877,minus,OK
JVASP-6478,S3N2Cl2,7,42,2,1.1673945999062039,1.2109814699479395,1.037336878246,minus,OK
JVASP-6478,S3N2Cl2,8,42,2,1.004803203015624,1.0107984051780927,1.0059665436420544,minus,OK
JVASP-6478,S3N2Cl2,9,42,2,1.0001337028925188,1.0055129838857029,1.0053785618639053,minus,OK
JVASP-6478,S3N2Cl2,14,42,2,0.6513531463933515,0.660113507061874,1.0134494793139943,minus,OK
JVASP-6478,S3N2Cl2,15,42,2,0.6516313406987496,0.660632816575697,1.0138137552857647,minus,OK
JVASP-6478,S3N2Cl2,34,42,2,0.6354509196867888,0.6343022996255882,0.9981924330808006,minus,OK
JVASP-6478,S3N2Cl2,35,42,2,0.6359852298961202,0.634928184566883,0.99833794044335,minus,OK
JVASP-6478,S3N2Cl2,36,42,2,0.9569104373454925,0.8683444928284547,0.9074459415839132,minus,OK
JVASP-6478,S3N2Cl2,37,42,2,0.957046214078727,0.8682352431876776,0.9072030487299501,minus,OK
JVASP-6484,SNCl,0,54,2,0.4621596079186257,0.08634465825139057,0.18682865566779175,minus,OK
JVASP-6484,SNCl,1,54,2,0.5065246836445317,0.10237529754939187,0.20211314641723696,minus,OK
JVASP-6484,SNCl,2,54,2,1.001138429142535,0.5621310776542776,0.5614918589587429,minus,OK
JVASP-6484,SNCl,3,54,2,1.0098975609955798,0.5746198032156357,0.5689882077239224,minus,OK
JVASP-6484,SNCl,8,54,2,0.9291076898926691,0.4895265072861509,0.5268781139274621,minus,OK
JVASP-6484,SNCl,9,54,2,0.9320033249127491,0.4945191916879925,0.5305980981712567,minus,OK
JVASP-6508,PdSCl,0,144,2,1.086521161837612,0.9414969280602643,0.8665242437321045,minus,OK
JVASP-6508,PdSCl,1,144,2,1.0893140511484316,0.9429853426339598,0.8656689424319812,minus,OK
JVASP-6508,PdSCl,106,144,2,1.8455459806276224,1.8164256163359274,0.9842212740309012,minus,OK
JVASP-6508,PdSCl,107,144,2,1.8348715902687345,1.8169582822454196,0.9902372961038155,minus,OK
JVASP-6508,PdSCl,124,144,2,1.1486691272896057,1.022911703382047,0.8905190181229165,minus,OK
JVASP-6508,PdSCl,125,144,2,1.1455067859747645,1.021667932684835,0.8918916458582571,minus,OK
JVASP-6508,PdSCl,126,144,2,0.638473282208352,0.5585300820768185,0.8747900619192305,minus,OK
JVASP-6508,PdSCl,127,144,2,0.637278275785756,0.5576808887412806,0.8750979123737855,minus,OK
JVASP-6508,PdSCl,128,144,2,0.5428374035591075,0.3269165203512814,0.6022365411960502,minus,OK
JVASP-6508,PdSCl,129,144,2,0.5425686010634,0.32672257203057775,0.6021774415073453,minus,OK
JVASP-6508,PdSCl,130,144,2,0.6724201482694915,0.4961989609231302,0.7379299418676318,minus,OK
JVASP-6508,PdSCl,131,144,2,0.6729244047469202,0.49637650460502614,0.7376408124055304,minus,OK
JVASP-6766,HfFeCl6,39,60,2,1.5740165886745348,1.356605379455683,0.8618748933250241,minus,OK
JVASP-6766,HfFeCl6,40,60,2,1.539123120314874,1.326439205602108,0.8618148789362249,minus,OK
JVASP-6766,HfFeCl6,41,60,2,0.4965269150483491,0.4319170633796743,0.8698764362806325,minus,OK
JVASP-6766,HfFeCl6,42,60,2,0.49303102849658587,0.43673162004074695,0.885809603854925,minus,OK
JVASP-6766,HfFeCl6,44,60,2,0.6065860607380089,0.4919276143181075,0.8109774460026313,minus,OK
JVASP-6766,HfFeCl6,45,60,2,0.6182285321863443,0.5049917382451943,0.8168366743917627,minus,OK
JVASP-6766,HfFeCl6,58,60,2,0.04394864643925926,0.06023997731032664,1.370690162064112,minus,OK
JVASP-6766,HfFeCl6,59,60,2,0.11224729831423057,0.10828700632180285,0.9647181531145536,minus,OK
JVASP-6775,P3Se4I2,14,144,2,0.020145029629346518,0.1099658581649326,5.458709179793833,minus,OK
JVASP-6775,P3Se4I2,15,144,2,0.015587221507604821,0.10351615005537367,6.641090588522744,minus,OK
JVASP-6775,P3Se4I2,20,144,2,0.6516101103388133,0.4568868626434502,0.70116601230433,minus,OK
JVASP-6775,P3Se4I2,21,144,2,0.651327545336957,0.4580730133863785,0.7032913265619675,minus,OK
JVASP-6775,P3Se4I2,22,144,2,0.6874068737705568,0.5924230003693512,0.8618229217287267,minus,OK
JVASP-6775,P3Se4I2,23,144,2,0.6871730237378145,0.593830084604403,0.8641638482464268,minus,OK
JVASP-6775,P3Se4I2,104,144,2,0.1116549393657359,0.22654469284740458,2.028971527227621,minus,OK
JVASP-6775,P3Se4I2,105,144,2,0.09663803913789507,0.23402520157068735,2.421667530285371,minus,OK
JVASP-6775,P3Se4I2,106,144,2,0.1881723705056702,0.31520869671353247,1.6751061586059697,minus,OK
JVASP-6775,P3Se4I2,107,144,2,0.18993902443225277,0.33257719992461304,1.7509682431965754,minus,OK
JVASP-6796,Ta3SeI7,6,100,2,1.3728587934187777,1.2058662933551272,0.8783614885491643,minus,OK
JVASP-6796,Ta3SeI7,7,100,2,1.2639331622826016,1.1287413488668845,0.8930387955233589,minus,OK
JVASP-6796,Ta3SeI7,70,100,2,1.6360923211456422,1.280926902604889,0.7829184735174018,minus,OK
JVASP-6796,Ta3SeI7,71,100,2,1.6782520265416918,1.2955112091849652,0.7719407983403865,minus,OK
JVASP-6799,Ta3TeI7,6,100,2,1.8224299956653083,1.6658016208593531,0.914055203668454,minus,OK
JVASP-6799,Ta3TeI7,7,100,2,1.7386632870573506,1.5907995309897727,0.9149554964619779,minus,OK
JVASP-6799,Ta3TeI7,8,100,2,0.8221130072588955,0.8546936152421437,1.0396303278205987,minus,OK
JVASP-6799,Ta3TeI7,9,100,2,0.8348587304556279,0.8785245679907111,1.0523032651419388,minus,OK
JVASP-6799,Ta3TeI7,14,100,2,0.6322715634540946,0.6009946820445543,0.9505325192253231,minus,OK
JVASP-6799,Ta3TeI7,15,100,2,0.6323490823620468,0.6005881422126091,0.9497730904727507,minus,OK
JVASP-6799,Ta3TeI7,70,100,2,1.2794718070960647,0.915082916999564,0.7152036582005423,minus,OK
JVASP-6799,Ta3TeI7,71,100,2,1.3110837108843487,0.9247939365082932,0.7053660485832012,minus,OK
JVASP-6829,CrBrO,48,52,2,1.6268345464773317,1.540672120799936,0.9470367617506233,minus,OK
JVASP-6829,CrBrO,49,52,2,1.6300238109522263,1.54381132776208,0.9471096786372816,minus,OK
JVASP-6943,CrCl3,72,120,2,3.159610490225377,3.0148777366437916,0.9541928493941475,minus,OK
JVASP-6943,CrCl3,73,120,2,3.175785405502383,3.0378044978168215,0.9565521941606964,minus,OK
JVASP-76869,Y2TlCu,0,44,3,0.010151081136021829,0.0128726662899043,1.2681079106170017,minus,OK
JVASP-76869,Y2TlCu,1,44,3,0.008546504229423484,0.008680179801436573,1.0156409648231235,minus,OK
JVASP-76869,Y2TlCu,2,44,3,0.21228714347323693,0.03280157315204892,0.15451511860483544,minus,OK
JVASP-76869,Y2TlCu,3,44,3,0.04000667081469522,0.02245679749458701,0.5613263247672735,minus,OK
JVASP-76869,Y2TlCu,4,44,3,0.046055981624066836,0.011904921362002911,0.2584880604473301,minus,OK
JVASP-76869,Y2TlCu,5,44,3,0.06185308052527563,0.01278843922191599,0.20675508985668262,minus,OK
JVASP-76891,Y2InCu,0,44,3,0.18631502204016492,0.04131976705418265,0.22177367450959015,minus,OK
JVASP-76891,Y2InCu,1,44,3,0.20557337660721323,0.0489323473508339,0.23802862101315966,minus,OK
JVASP-76891,Y2InCu,2,44,3,0.23627553915459332,0.05005040909857449,0.21183068411422346,minus,OK
JVASP-76891,Y2InCu,3,44,3,0.17727022527919342,0.04659423183828193,0.2628429662392424,minus,OK
JVASP-76930,Li2MgGa,0,20,3,0.0004244127870228336,0.0008753229075326284,2.062432929207516,minus,OK
JVASP-76930,Li2MgGa,1,20,3,0.000556046472031114,0.0016684745643019434,3.000602734169641,minus,OK
JVASP-76930,Li2MgGa,2,20,3,0.00998622364450888,0.011895784170325607,1.1912194833396044,minus,OK
JVASP-76930,Li2MgGa,3,20,3,0.018102232757621073,0.004100347771405396,0.22651060928819083,minus,OK
JVASP-76930,Li2MgGa,4,20,3,0.5562609097644604,0.5261516478283785,0.9458720513925181,minus,OK
JVASP-76930,Li2MgGa,5,20,3,0.5773447674366888,0.5799657887233538,1.0045397852972702,minus,OK
JVASP-77062,Li2InSb,0,20,3,0.006266181695951551,0.0003958829793360604,0.06317770510737537,minus,OK
JVASP-77062,Li2InSb,1,20,3,0.0052194017778535665,0.0003579884768032243,0.06858802829132728,minus,OK
JVASP-77062,Li2InSb,2,20,3,0.04002037058493275,0.0016576549389548626,0.041420279590788006,minus,OK
JVASP-77062,Li2InSb,3,20,3,0.030290609726213967,0.0013192486897979094,0.04355305824881468,minus,OK
JVASP-77062,Li2InSb,4,20,3,0.12869714260798615,0.009470931937529107,0.07359084860475681,minus,OK
JVASP-77062,Li2InSb,5,20,3,0.08465810299289937,0.008358328322473678,0.09873039941817177,minus,OK
JVASP-77062,Li2InSb,6,20,3,0.09325524681877571,0.012692281137216472,0.136102595512739,minus,OK
JVASP-77062,Li2InSb,7,20,3,0.017223427466029624,0.003814235043026653,0.2214562142494346,minus,OK
JVASP-77062,Li2InSb,8,20,3,0.31457660082809813,0.034552682968504805,0.10983869390650032,minus,OK
JVASP-77062,Li2InSb,9,20,3,0.30061712596032175,0.072259480806744,0.24037047315887614,minus,OK
JVASP-77062,Li2InSb,10,20,3,0.15626913597207437,0.07681093694171114,0.4915297986637452,minus,OK
JVASP-77062,Li2InSb,11,20,3,0.04743730368156878,0.02746496938989131,0.5789740828073774,minus,OK
JVASP-79710,Na2HgBi,0,42,3,0.003964173633765227,0.0003232791085114307,0.08155018886102013,minus,OK
JVASP-79710,Na2HgBi,1,42,3,0.004507055983417179,0.0003905780048902633,0.08665923084321958,minus,OK
JVASP-79710,Na2HgBi,12,42,3,0.03335002315272354,0.005470234176077761,0.1640248989041866,minus,OK
JVASP-79710,Na2HgBi,13,42,3,0.02541216117556813,0.005613356387088619,0.22089252261178938,minus,OK
JVASP-79710,Na2HgBi,14,42,3,0.13746603761407092,0.014407144996341178,0.10480512311548924,minus,OK
JVASP-79710,Na2HgBi,15,42,3,0.12474484104391223,0.015328816625286484,0.12288136725342004,minus,OK
JVASP-79710,Na2HgBi,16,42,3,0.20364382042921875,0.030626766866374302,0.1503937944290304,minus,OK
JVASP-79710,Na2HgBi,17,42,3,0.22443468377904652,0.053232494516014583,0.2371847952361115,minus,OK
JVASP-79710,Na2HgBi,18,42,3,0.474721890941082,0.19481827973460802,0.41038402368258814,minus,OK
JVASP-79710,Na2HgBi,22,42,3,0.41364323716478835,0.04222562879151968,0.10208224140431846,minus,OK
JVASP-79710,Na2HgBi,23,42,3,0.32513358119153246,0.04236216754532301,0.1302915785877188,minus,OK
JVASP-80997,ZnNiPd2,0,54,3,0.0014659823018496978,0.0033141172781570617,2.2606802783195175,minus,OK
JVASP-80997,ZnNiPd2,1,54,3,0.0006617596549482718,0.0024115950041589036,3.6442158208442192,minus,OK
JVASP-80997,ZnNiPd2,2,54,3,0.003544538977642596,0.0036659256119405312,1.034246099440178,minus,OK
JVASP-80997,ZnNiPd2,3,54,3,0.0035493781480665054,0.0036818535319379326,1.0373235474905913,minus,OK
JVASP-80997,ZnNiPd2,4,54,3,0.0005833911830350517,0.0017192123186468278,2.9469288680414167,minus,OK
JVASP-80997,ZnNiPd2,5,54,3,0.0011962359882708312,0.0019832826165058805,1.6579359223030328,minus,OK
JVASP-81240,Li2MgGa,0,20,3,0.00043436161062188484,0.0008732626937946154,2.0104509064333436,minus,OK
JVASP-81240,Li2MgGa,1,20,3,0.0005920475963605194,0.0011751682396919892,1.9849218997189988,minus,OK
JVASP-81240,Li2MgGa,2,20,3,0.01225187925967073,0.010235437819268792,0.8354177838628055,minus,OK
JVASP-81240,Li2MgGa,3,20,3,0.018263421569714985,0.004121557459604521,0.22567279870706292,minus,OK
JVASP-81240,Li2MgGa,4,20,3,0.5566384966074329,0.5262546606716637,0.9454154965548541,minus,OK
JVASP-81240,Li2MgGa,5,20,3,0.5773445094437268,0.5797161132551661,1.0041077792767517,minus,OK
JVASP-81597,LiPbAu2,0,34,3,0.04443007337548818,0.01776996272331963,0.39995348585499335,minus,OK
JVASP-81597,LiPbAu2,1,34,3,0.045259227567874,0.018299963664609252,0.4043366325058312,minus,OK
JVASP-81597,LiPbAu2,2,34,3,0.46035603765481203,0.06729199680000995,0.1461738117801496,minus,OK
JVASP-81597,LiPbAu2,3,34,3,0.45866454001914236,0.06653941702793599,0.14507207604311195,minus,OK
JVASP-81597,LiPbAu2,8,34,3,0.5379096586122907,0.120471106172495,0.22396159697762,minus,OK
JVASP-81597,LiPbAu2,9,34,3,0.5378642880286943,0.12018348432785898,0.22344574087329508,minus,OK
JVASP-81597,LiPbAu2,10,34,3,0.46386606842374,0.05896588437462878,0.12711833951338655,minus,OK
JVASP-81597,LiPbAu2,11,34,3,0.46839172194964923,0.06011325429924528,0.1283397026083806,minus,OK
JVASP-81597,LiPbAu2,24,34,3,0.547242972482492,0.12784069226960126,0.23360865044948803,minus,OK
JVASP-81597,LiPbAu2,25,34,3,0.5396623862333458,0.12663378993429605,0.2346537264124622,minus,OK
JVASP-81597,LiPbAu2,26,34,3,0.15460390374274016,0.01918756320923054,0.1241078830788032,minus,OK
JVASP-81597,LiPbAu2,27,34,3,0.17115755374353178,0.03572937495434663,0.20875137657017886,minus,OK
JVASP-81634,Si2TcIr,0,40,3,0.0691658437311555,0.10405725864124332,1.5044601934693251,minus,OK
JVASP-81634,Si2TcIr,1,40,3,0.03569228794638123,0.07651730896069904,2.143805100856724,minus,OK
JVASP-8367,Ca3BiN,0,50,3,2.699733524314942,2.658392099590179,0.9846868498863223,minus,OK
JVASP-8367,Ca3BiN,1,50,3,2.6996473229860802,2.6583366287680046,0.9846977440844451,minus,OK
JVASP-8385,YCoF5,35,54,3,0.03628855774546749,0.01225488405749698,0.3377065614856969,minus,OK
JVASP-8385,YCoF5,36,54,3,0.13266311582503842,0.020028389508802126,0.15097180089766918,minus,OK
JVASP-8385,YCoF5,37,54,3,0.12973052834401788,0.03481953219071855,0.26839890837709784,minus,OK
JVASP-8385,YCoF5,38,54,3,0.0997678857947408,0.038711222111173026,0.388012854064245,minus,OK
JVASP-8659,Rb2SnI6,12,80,3,1.4762973064026492,1.2662034548747438,0.8576886575510666,minus,OK
JVASP-8659,Rb2SnI6,13,80,3,1.4765873486680081,1.2669241918359189,0.8580082939074204,minus,OK
JVASP-949,O,46,48,3,0.9998957499869889,0.39109620651409593,0.3911369825496158,minus,OK
JVASP-949,O,47,48,3,0.9997999599019043,0.39211781687580194,0.39219627185649686,minus,OK
