num,formula,space_group_symbol,space_group_number,topology_at_Ef,sublattices,magnetic,superconductor,high_quality,n_icsd,icsd_ids,icsd_extra_sublattice_labels
1,B3H7(CO),P1,1,Triv.,,NM,,HQ,1,10171,
2,Re2Cl5O4,P1,1,SM,,FM,,HQ,1,12111,
3,Bi2Pb2V2O10,P1,1,Triv.,b,NM,,HQ,1,60577,
4,NaBi3V2O10,P1,1,Triv.,,NM,,HQ,1,88455,
5,SiO2,P1,1,Triv.,,NM,,,10,39830 56608 170536 75656 75660 75661 75666 75667 75663 75670,"39830(b,s) 56608(b,s) 75656(b,s) 75660(b,s) 75661(b,s) 75666(b,s) 75667(b,s) 75670(b,s)"
6,S3N2NH2BF4,P1,1,Triv.,,NM,,HQ,1,201705,
7,NbCl3OS2(CH3)2(C2H4),P1,1,Triv.,,,,,1,241969,
8,Li6Cu(B4O10),P1,1,SM,,FM,,HQ,1,249215,
9,CsB3O5,P1,1,Triv.,"b,s",,,,1,673574,
10,Ca(HPO4),P1,1,Triv.,,NM,,HQ,3,918 10504 87196,
11,Ca((VO)(PO4))2(H2O)4,P1,1,Triv.,,FM,,HQ,2,43608 67660,
12,LiH(C2O4)(H2O),P1,1,Triv.,,NM,,HQ,1,246786,
13,(Cu(NH3)2)(Sn(OH)6),P1̄,2,SM,,FM,,,1,103,
14,(F2(ZrF3(H2O)3)2),P1̄,2,Triv.,,NM,,,1,1309,
15,Tl2(Cu(SO3)2),P1̄,2,SM,b,FM,,,1,2896,
16,K3N(SO3)2H2O,P1̄,2,Triv.,,NM,,,2,8001 201190,
17,(S4N3)BiCl4,P1̄,2,Triv.,,NM,,,1,9460,
18,(Re2O3Cl6)(ReO3Cl)2,P1̄,2,Triv.,,NM,,,1,10302,
19,K3(ReO2(CN)4),P1̄,2,Triv.,,NM,,,3,16121 26223 30430,
20,CsKNi(CN)4,P1̄,2,Triv.,,,,,1,16399,
21,K4((SO3)2(NO))2,P1̄,2,Triv.,,NM,,,1,16879,
22,Al2(Si4O10)O,P1̄,2,Triv.,"k∗,b",NM,,,1,30119,
23,Na2(B2(O2)2(OH)4)(H2O)6,P1̄,2,Triv.,,NM,,,1,30532,
24,S3N2AsF6,P1̄,2,TI,,FM,,HQ,1,31787,
25,H3OH3F4,P1̄,2,Triv.,,NM,,,1,32569,
26,(I3Cl2)(SbCl6),P1̄,2,Triv.,,NM,,HQ,2,32662 26402,
27,((CO)4MnPH2)2,P1̄,2,Triv.,,,,HQ,1,33267,
28,Na2Mg(SO3)2(H2O)2,P1̄,2,Triv.,,NM,,HQ,1,35767,
29,CsH3P2O7(H2O),P1̄,2,Triv.,b,NM,,,1,38033,
30,(PtCl2(NH3)4)(NO3)2,P1̄,2,Triv.,,NM,,HQ,1,38066,
31,(PdCl2(SCl2)2),P1̄,2,Triv.,,NM,,,1,39434,
32,(ClF2)(BiF6),P1̄,2,Triv.,,NM,,HQ,1,39555,
33,MgF2,P1̄,2,Triv.,,NM,,,1,51243,
34,MgCl2,P1̄,2,Triv.,,NM,,,1,51247,
35,SbF4(PO2F2),P1̄,2,Triv.,,NM,,HQ,1,51535,
36,PbCuAsO4,P1̄,2,Triv.,b,NM,,HQ,1,61677,
37,Na4Cu(AsO4)2,P1̄,2,SM,"b,s",FM,,HQ,1,63058,
38,I4(SbF6)2,P1̄,2,Triv.,,NM,,HQ,1,63301,
39,((SCl2)2Pt)Cl2,P1̄,2,Triv.,,NM,,HQ,1,66013,
40,(CN4H8)(SO4),P1̄,2,Triv.,,NM,,,1,74825,
41,Na7AlH2(CO3)4F4,P1̄,2,Triv.,,NM,,HQ,1,77052,
42,K((CH3)CO3),P1̄,2,Triv.,,NM,,HQ,1,77115,
43,ReF7,P1̄,2,Triv.,,NM,,HQ,1,78311,
44,Ca((HSO4)2(H2SO4)2),P1̄,2,Triv.,,NM,,HQ,1,85073,
45,(Mg(H2O)6)(CoCl4(H2O)2),P1̄,2,SM,,AFM,,HQ,1,96559,
46,Na2(HPO4)(H2O),P1̄,2,Triv.,,NM,,HQ,1,108838,
47,(CH3)2NOSiH2Cl,P1̄,2,Triv.,,NM,,,1,110528,
48,C3F6,P1̄,2,Triv.,,NM,,HQ,1,151184,
49,AgSc(CrO4)2(H2O)2,P1̄,2,Triv.,,NM,,HQ,1,156676,
50,Cu(O2N2CN)2(N2C4H4),P1̄,2,SM,,,,HQ,1,168724,
51,Cu(NH3)4(ReO4)2,P1̄,2,SM,,,,HQ,1,169583,
52,Ca2CuTe4O10Cl2,P1̄,2,SM,"b,s",FM,,HQ,1,171007,
53,(NH4)(HSeO3),P1̄,2,Triv.,,NM,,HQ,1,171372,
54,Na2S2O8,P1̄,2,Triv.,,NM,,HQ,1,171374,
55,Cu(SO3CF3)2,P1̄,2,SM,b,FM,,HQ,1,172335,
56,((C2(NH2)2)(NH)2N)2(SiF6),P1̄,2,Triv.,,NM,,,1,180801,
57,(Cd(NCS)2(CS(NH2)2)2)(H2O)2,P1̄,2,Triv.,,,,HQ,1,187240,
58,Tl4Cu(TeO6),P1̄,2,TI,b,FM,,HQ,1,187561,
59,Y2Cu(TeO3)2(SO4)2,P1̄,2,SM,"b,s",FM,,HQ,1,194348,
60,((CH3)2NH2)(H(C2O4))(H2C2O4)0.5,P1̄,2,Triv.,,NM,,,1,195083,
61,(XeF3)(BiF6),P1̄,2,Triv.,,NM,,,1,200043,
62,Al4Si8O22,P1̄,2,Triv.,"k∗,b",NM,,,1,201706,
63,Ca2Cu(OH)4(B(OH)4)2,P1̄,2,SM,,FM,,HQ,1,202148,
64,Fe(H2O)2(C4S4)(H2O)4,P1̄,2,Triv.,,,,HQ,1,203234,
65,Li3CuB3O7,P1̄,2,Triv.,,NM,,HQ,1,237524,
66,K3Zn2Cl7,P1̄,2,Triv.,,NM,,,1,239665,
67,Sn(SO4),P1̄,2,Triv.,,NM,,,2,245906 245907,
68,Tl4(IO3)6,P1̄,2,Triv.,,NM,,HQ,1,247060,
69,(In2(SeO3)2(C2O4)(H2O)2)(H2O)2,P1̄,2,Triv.,,NM,,HQ,1,249780,
70,Fe(NCS)2(OC(CH3)2)2,P1̄,2,Triv.,,FM,,HQ,1,250699,
71,Hg(CH3SO3)2(H2O)2,P1̄,2,Triv.,,NM,,HQ,1,251311,
72,(C2H10N2)Cu(H2O)2(V2O2F8),P1̄,2,SM,,FM,,,1,251432,
73,Na4NiTeO6,P1̄,2,Triv.,b,,,,1,253698,
74,K3(TcO2(CN)4),P1̄,2,Triv.,,NM,,HQ,1,260824,
75,(C2H8N)2(Sn(CH3)2Cl4),P1̄,2,Triv.,,NM,,,1,261582,
76,((Cu(H2O)2)Cl2(CdCl2))(H2O)2,P1̄,2,SM,,FM,,HQ,1,280299,
77,((N2H5)2((N4C)2N2))(N2H4)2,P1̄,2,Triv.,,NM,,,1,280661,
78,Te4(HfCl6),P1̄,2,Triv.,,NM,,HQ,1,401589,
79,(CF3)2O3,P1̄,2,Triv.,,NM,,HQ,1,401780,
80,(Li(NH3)4)2Te2,P1̄,2,Triv.,,NM,,,1,409556,
81,(SeCl3)(MoOCl4),P1̄,2,TI,b,FM,,HQ,1,410101,
82,Ni((NH2)SO3)2(H2O)4,P1̄,2,Triv.,,AFM,,,1,410198,
83,(Cu(C2N2H8)2)(Ni(CN)4),P1̄,2,SM,,FM,,,1,411632,
84,PbF(AsF6),P1̄,2,Triv.,,NM,,HQ,1,411788,
85,AuXe2(SbF6)2,P1̄,2,SM,,FM,,HQ,1,412106,
86,Au2Xe2F(SbF6)3,P1̄,2,Triv.,,NM,,HQ,1,412107,
87,(Cu(NH3)4)(N(NO2)2)2,P1̄,2,SM,,FM,,,1,412606,
88,(Pd(NH3)4)(N(NO2)2)2,P1̄,2,Triv.,,NM,,,1,412607,
89,KNaS2O7,P1̄,2,Triv.,,NM,,HQ,1,413050,
90,(F5S)(NCS),P1̄,2,Triv.,,NM,,HQ,1,413754,
91,Li4(PO2NH)4(H2O)4,P1̄,2,Triv.,,NM,,,1,415548,
92,(ReO3Cl)(ReOCl4),P1̄,2,Triv.,,FM,,HQ,1,416429,
93,(Cs2(H6Te2O10))(Te(OH)6),P1̄,2,Triv.,,,,,1,417437,
94,Ir(PO3)3,P1̄,2,Triv.,b,NM,,HQ,1,419717,
95,Pd(NH3)2(NO2)2,P1̄,2,Triv.,,NM,,HQ,1,420291,
96,Pt(H2O)4(SbF6)2,P1̄,2,Triv.,,NM,,HQ,1,421861,
97,Rb3In(IO3)6,P1̄,2,Triv.,b,NM,,HQ,1,422058,
98,Ag2BaCu(VO4)2,P1̄,2,TI,"b,s",FM,,HQ,1,422132,
99,H6O12P4Rb2,P1̄,2,Triv.,b,NM,,HQ,1,423682,
100,H6Cs2O12P4,P1̄,2,Triv.,b,NM,,HQ,1,423683,
101,Ba2(Pd(HS2O7)2(S3O10)2),P1̄,2,Triv.,,NM,,,1,425466,
102,NaClO4(H2O)2,P1̄,2,Triv.,,NM,,HQ,1,425697,
103,CuSb6O8(SO4)2,P1̄,2,SM,b,FM,,,1,428356,
104,Cs(HS2O7),P1̄,2,Triv.,,NM,,HQ,1,428724,
105,PbF(SbF6),P1̄,2,Triv.,,NM,,HQ,1,429016,
106,(PCl4)2(Re2Cl10),P1̄,2,Triv.,,FM,,HQ,1,410188,
107,Ag(TaF6)2,P1̄,2,SM,"b,s",FM,,HQ,1,62543,
108,Ag(BiF6)2,P1̄,2,SM,"b,s",FM,,HQ,1,79879,
109,Na(AgZr2F11),P1̄,2,SM,,FM,,HQ,1,65179,
110,NaCu(Zr2F11),P1̄,2,SM,,FM,,HQ,1,78869,
111,(InCl2(NH3)4)(In(NH3)2Cl4),P1̄,2,Triv.,,NM,,,1,281343,
112,(CH3)NSOF2,P1̄,2,Triv.,,NM,,HQ,1,237988,
113,Ba6Mg11F34,P1̄,2,Triv.,b,NM,,,1,413125,
114,BaCoP2O7,P1̄,2,Triv.,b,FM,,HQ,1,202853,
115,((C2H4(OH))NH3)(CuBr3),P1̄,2,Triv.,,FM,,,1,110471,
116,Ca(H2PO4)2,P1̄,2,Triv.,,NM,,,2,2633 2632,2633(b)
117,Ca(C2O4)(H2O)3,P1̄,2,Triv.,,NM,,,2,77096 159351,
118,(Co(H2O)6)(SnF3)2,P1̄,2,SM,,AFM,,,1,27799,
119,(Ni(H2O)6)(SnF3)2,P1̄,2,Triv.,,AFM,,HQ,1,79718,
120,(Cd(H2O)6)(SnF3)2,P1̄,2,Triv.,,,,HQ,1,166590,
121,Cu(ReO4)2(H2O)4,P1̄,2,SM,,,,HQ,1,402669,
122,(Ni(H2O)4)(ReO4)2,P1̄,2,Triv.,,FM,,HQ,1,402773,
123,Co(H2O)4(ReO4)2,P1̄,2,SM,,FM,,HQ,1,402964,
124,Cs4Cu(Si2O7),P1̄,2,SM,b,FM,,HQ,1,50444,
125,Rb4(CuSi2O7),P1̄,2,SM,"b,s",FM,,HQ,1,85405,
126,CuZn2(AsO4)2,P1̄,2,SM,b,FM,,,3,18115 26839 100249,
127,Cd2Cu(PO4)2,P1̄,2,SM,b,FM,,HQ,1,249777,
128,CuH10(AsO4)4,P1̄,2,SM,,FM,,,1,59158,
129,Na2Co(SeO4)2(H2O)2,P1̄,2,SM,,,,HQ,1,98683,
130,Na2Ni(SeO4)2(H2O)2,P1̄,2,Triv.,,FM,,HQ,1,98684,
131,(Co(O2N2CN)2(H2O)2(N2C4H4))(H2O)2,P1̄,2,SM,,,,,1,168723,
132,Fe(SC(NH2)2)2(NCS)2,P1̄,2,Triv.,,FM,,,1,10452,
133,H3BO3,P1̄,2,Triv.,,NM,,,4,52290 61354 24711 61365,52290(b) 61354(b) 61365(b)
134,H3OBF4,P1̄,2,Triv.,,NM,,HQ,1,15591,
135,Hg(Mn(CO)5)2,P1̄,2,Triv.,,NM,,,1,16124,
136,(Br3)(AsF6),P1̄,2,Triv.,,NM,,HQ,1,33811,
137,K2(O2(SO3)2),P1̄,2,Triv.,,NM,,,2,16972 54024,
138,Cs2Cu(Cr2O7)2(H2O)2,P1̄,2,SM,,FM,,HQ,1,156678,
139,K6(CuSi2O8),P1̄,2,SM,"b,s",FM,,HQ,1,85404,
140,Cs6(NiSi2O8),P1̄,2,Triv.,"b,s",NM,,HQ,1,409506,
141,K(HCO3),P1̄,2,Triv.,,NM,,,1,157166,
142,K(HSeO3),P1̄,2,Triv.,,NM,,HQ,1,20862,
143,KMgH(CO3)2(H2O)4,P1̄,2,Triv.,,NM,,HQ,2,63137 63138,
144,KNi(H(CO3)2)(H2O)4,P1̄,2,Triv.,,AFM,,HQ,1,68710,
145,NaLa(SO4)2,P1̄,2,Triv.,,NM,,,4,20354 16970 16976 27771,16970(b) 16976(b) 27771(b)
146,Al2O(SiO4),P1̄,2,Triv.,,NM,,,18,77538 27985 28272 77539 77540 77541 77542 83450 83451 83452 83453 83454 85742 86341 100455 100456 100457 167293,77538(b) 77539(b) 77540(b) 77541(b) 77542(b) 83450(b) 83451(b) 83452(b) 83453(b) 83454(b) 85742(b) 86341(b) 100455(b) 100456(b) 100457(b) 167293(b)
147,Li6Ga2(BO3)4,P1̄,2,Triv.,,NM,,,3,167294 167295 9987,167294(b) 167295(b)
148,Li4(P2O7),P1̄,2,Triv.,,NM,,HQ,3,59243 248414 246859,59243(b) 248414(b)
149,LiAl(PO4)(OH),P1̄,2,Triv.,b,NM,,HQ,1,68921,
150,(Mg(H2O)6)(S2O6),P1̄,2,Triv.,,FM,,,1,1834,
151,(Zn(H2O)6)(S2O6),P1̄,2,Triv.,,NM,,,1,1836,
152,(((Mn(CO)5)2In)2Cl2),P1̄,2,Triv.,,NM,,,1,889,
153,Li6CuB4O10,P1̄,2,SM,b,FM,,HQ,1,237526,
154,Na2Ca(P2O7),P1̄,2,Triv.,,NM,,HQ,1,89468,
155,Na4(WO2N2),P1̄,2,Triv.,b,NM,,HQ,1,73101,
156,K(C(CN)3),P1̄,2,Triv.,,NM,,,2,77046 428779,
157,Na(ClO2)(H2O)3,P1̄,2,Triv.,,NM,,,2,1858 1954,
158,Na(BrO2)(H2O)3,P1̄,2,Triv.,,NM,,HQ,1,74654,
159,Os3(CO)9Se2,P1̄,2,Triv.,b,NM,,,1,30552,
160,Ru3Se2(CO)9,P1̄,2,Triv.,b,NM,,,1,72764,
161,Pb4Cu(SO4)2(OH)6,P1̄,2,SM,b,FM,,HQ,1,380382,
162,PbBi6O4(PO4)4,P1̄,2,Triv.,,NM,,,1,91258,
163,Mg(SO4)(H2O)5,P1̄,2,Triv.,,NM,,,1,2776,
164,((SCl2)S(SCl))(AsF6),P1̄,2,Triv.,,NM,,HQ,2,75451 154804,
165,Ca2Ba(Si3O9),P1̄,2,Triv.,,NM,,,1,24426,
166,K2Co(H2P2O7)2(H2O)2,P1̄,2,SM,,AFM,,,1,261585,
167,Tl2Co(H2P2O7)2(H2O)2,P1̄,2,SM,b,AFM,,,1,416650,
168,Tl2Ni(H2P2O7)2(H2O)2,P1̄,2,Triv.,b,FM,,,1,416651,
169,Rb2Cu(H2PO4)4,P1̄,2,SM,b,FM,,,1,421806,
170,Rb2Co(H2PO4)4,P1̄,2,SM,b,AFM,,,1,421807,
171,Rb2Ni(H2PO4)4,P1̄,2,Triv.,b,FM,,,1,421808,
172,Y2(SiO4)(CO3),P1̄,2,Triv.,,NM,,HQ,1,88878,
173,Y6OsI10,P1̄,2,Triv.,b,NM,,HQ,1,74649,
174,Y6IrI10,P1̄,2,SM,b,NM,,HQ,1,74650,
175,(PtY6)I10,P1̄,2,Triv.,b,NM,,HQ,1,424468,
176,NH4(POS(NH2)2),P21,4,Triv.,,NM,,HQ,1,25702,
177,Na3Sr(PO4)(CO3),P21,4,Triv.,,NM,,HQ,1,39559,
178,(BrF3)(AuF3),P21,4,Triv.,,NM,,HQ,1,93481,
179,((CH3)3NH)(ClO4),P21,4,Triv.,,NM,,,1,110284,
180,F5TeNH2,P21,4,Triv.,,NM,,HQ,1,171449,
181,(Li(BH4))3(NH2NH2),P21,4,Triv.,,NM,,,1,189247,
182,KTeOF3,P21,4,Triv.,,NM,,HQ,1,201155,
183,Rb4(CO4),P21,4,Triv.,,NM,,,1,245442,
184,Na(HCO2)(H2O)2,P21,4,Triv.,,NM,,HQ,1,250496,
185,(Zn(NH3)2Se4),P21,4,Triv.,,NM,,HQ,1,425783,
186,Cs2(S5O16),P21,4,Triv.,,,,,1,428769,
187,Na3(FeF6),P21,4,SM,b,,,HQ,1,20157,
188,CaBa(CO3)2,P21,4,Triv.,,NM,,,3,24442 36201 157982,
189,Cs(AsF4),P21,4,Triv.,,NM,,HQ,2,54852 413041,
190,Hg(C2O4),P21,4,Triv.,,NM,,HQ,4,56458 56459 151138 151139,
191,La(OH)2NO3,P21,4,Triv.,,,,,1,243495,
192,Rb(SO3(CF3)),P21,4,Triv.,,NM,,HQ,2,171662 415817,
193,Cs(SO3(CF3)),P21,4,Triv.,,NM,,HQ,1,415056,
194,I2Sb2F11,C2,5,SM,,FM,,HQ,1,6031,
195,As(CN)3,C2,5,Triv.,,NM,,HQ,2,18199 35330,
196,Sr3(Si3O9),C2,5,Triv.,,,,HQ,1,32542,
197,Na2(S4O6)(H2O)2,C2,5,Triv.,,NM,,HQ,1,40833,
198,K2LiBO3,C2,5,Triv.,,NM,,HQ,1,60949,
199,BaCu(B2O5),C2,5,SM,b,FM,,HQ,1,84683,
200,Cs4(CO4),C2,5,Triv.,,,,,3,245453 245450 245452,
201,Ca(NH2BH3)2,C2,5,Triv.,,NM,,HQ,2,246139 246140,
202,(NO2)(Ga(NO3)4),C2,5,Triv.,,NM,,HQ,2,280269 280270,
203,Ba2(VO)(PO4)2,C2,5,Triv.,b,,,HQ,1,405256,
204,Pt(NH3)2(NO2)2,C2,5,Triv.,,NM,,HQ,1,420292,
205,CsMn(HP3O10),C2,5,Triv.,b,FM,,HQ,2,39871 51089,
206,CsGa(HP3O10),C2,5,Triv.,b,NM,,HQ,1,409692,
207,Li4(CO4),C2,5,Triv.,,NM,,,5,245393 245395 245397 245404 245405,245393(b)
208,Ca3ZnGeO2(Ge4O12),C2,5,Triv.,"b,s",NM,,,1,252464,
209,F6O4Os2,Pc,7,Triv.,,NM,,HQ,1,240330,
210,(NH4)Na(PO3F)(H2O),Pc,7,Triv.,,NM,,HQ,1,240974,
211,CuCO3,Cm,8,SM,,FM,,,1,6179,
212,K(NO2),Cm,8,Triv.,,NM,,,2,26764 36202,
213,(C(NH2)3)2(TiF6),Cm,8,Triv.,,NM,,HQ,1,36529,
214,K3(VO(O2)2(CO3)),Cm,8,Triv.,,NM,,HQ,1,60813,
215,(C(NH2)3)(NO3),Cm,8,Triv.,,NM,,HQ,1,75221,
216,LiCsSO3(H2O)2,Cm,8,Triv.,,NM,,HQ,1,200780,
217,SrBO2F,Cm,8,Triv.,,,,,1,674232,
218,Ca4LaO(BO3)3,Cm,8,Triv.,,NM,,HQ,2,93152 180596,
219,In(PO3)3,Cc,9,Triv.,b,NM,,HQ,2,39710 421261,
220,Ca(C2O4),P2/m,10,Triv.,,NM,,HQ,2,246004 246005,
221,AsSbF8,P21/m,11,Triv.,,NM,,HQ,1,9920,
222,S4N4AsF5,P21/m,11,Triv.,,NM,,HQ,1,14083,
223,Cs(HSO4),P21/m,11,Triv.,,NM,,HQ,1,24377,
224,(C(NH2)3)2(MoO4),P21/m,11,Triv.,,NM,,,1,49910,
225,Cu(NH3)4(MnO4)2,P21/m,11,SM,,FM,,,1,61243,
226,(Ag(H2O)2)(MnF4(H2O)2),P21/m,11,Triv.,,FM,,,1,74965,
227,Na3OsO4(OH)2,P21/m,11,SM,b,FM,,HQ,1,172060,
228,K2(HCO3)F(H2O),P21/m,11,Triv.,,NM,,HQ,1,188659,
229,Cs((CF3)2BF2),P21/m,11,Triv.,,NM,,HQ,1,200869,
230,((CH3)3(CH2Br)N)(BF4),P21/m,11,Triv.,,NM,,,1,249155,
231,((CO)2(CF2)(Fe(CO)3)2),P21/m,11,Triv.,,NM,,,1,279643,
232,((ClCH2)(CH3)3N)(BF4),P21/m,11,Triv.,,NM,,,1,320194,
233,(C2H6N)3PO,P21/m,11,Triv.,,NM,,,1,409222,
234,(PBr3H)(As2F11),P21/m,11,Triv.,,NM,,,1,412035,
235,((CH3)3NH)(ClO4),P21/m,11,Triv.,,NM,,,1,110285,
236,((CH3)3NH)(BF4),P21/m,11,Triv.,,NM,,,1,171202,
237,PbFeGe3O10H4,P21/m,11,Triv.,,FM,,,2,5326 290250,
238,Co2(CO)8,P21/m,11,Triv.,,NM,,,3,16567 37252 37253,
239,Cs(H2PO4),P21/m,11,Triv.,b,NM,,,3,79608 79609 200895,
240,K2(AlF5)(H2O),P21/m,11,Triv.,,NM,,HQ,1,81863,
241,K2(S2O5),P21/m,11,Triv.,,NM,,HQ,3,16701 31817 60025,
242,KTi(SO4)2(H2O),P21/m,11,SM,,FM,,HQ,1,159479,
243,KLi2(OH)3,P21/m,11,Triv.,,NM,,HQ,1,65148,
244,Ag(Mo3P2O14),P21/m,11,SM,b,FM,,,1,74937,
245,K(Mo3P2O14),P21/m,11,SM,b,FM,,,1,78069,
246,K(Os(NO)F5),P21/m,11,SM,,FM,,,1,166586,
247,Cs(Os(NO)F5),P21/m,11,SM,,,,,1,166587,
248,NaFe(SO4)F(H2O)2,P21/m,11,Triv.,,AFM,,,1,169110,
249,NaNi(SO4)F(H2O)2,P21/m,11,Triv.,,FM,,,1,169112,
250,La2Br5,P21/m,11,SM,b,FM,,HQ,1,65480,
251,NbCl4,C2/m,12,Triv.,"b,s",NM,,HQ,1,1010,
252,(Cu(NH3)4)(I2)2,C2/m,12,SM,,FM,,HQ,1,4072,
253,AgCo(CO)4,C2/m,12,Triv.,,NM,,,1,31388,
254,(I4)(AsF6)2,C2/m,12,Triv.,,NM,,HQ,1,37001,
255,K2(Pd(NO2)2Cl2),C2/m,12,Triv.,,NM,,HQ,1,39851,
256,O2,C2/m,12,Triv.,,FM,,,4,43074 18311 173932 173933,
257,(I2(IOs(CO)3)2),C2/m,12,Triv.,,NM,,HQ,1,68901,
258,Li8Bi2PdO10,C2/m,12,Triv.,b,NM,,HQ,1,73000,
259,(NH4)2(Cu(H2O)2(PO3F)2),C2/m,12,SM,,FM,,HQ,1,74551,
260,(Ni(N(CN)2)2)(HCON(CH3)2)2,C2/m,12,Triv.,,FM,,,1,109784,
261,(Co(C2N3)2)(HCON(CH3)2)2,C2/m,12,SM,,FM,,,1,109797,
262,Cs2(Pt(C2O4)F4),C2/m,12,Triv.,,NM,,,1,109890,
263,((CH3)3NH)2(SnF6)(H2O)2,C2/m,12,Triv.,,NM,,,1,110229,
264,((CH3)2NH2)I,C2/m,12,Triv.,,NM,,HQ,2,110536 110537,
265,Rb4(Cl12C(ZrCl)6),C2/m,12,Triv.,b,NM,,HQ,1,165401,
266,(N(CH3)4)2Cs(Co(CN)6),C2/m,12,Triv.,,NM,,,1,168575,
267,(NH4)2C4O4,C2/m,12,Triv.,,NM,,HQ,2,172053 172054,
268,(NH4)2S8,C2/m,12,Triv.,,NM,,,1,187244,
269,Mg(ClO4)2(H2O)2,C2/m,12,Triv.,,NM,,HQ,1,261132,
270,C22F14,C2/m,12,Triv.,,NM,,,2,411879 411880,
271,NaBa(PO2NH)3,C2/m,12,Triv.,,NM,,,1,415259,
272,Na2(CrF6)(HF)2,C2/m,12,Triv.,,FM,,HQ,1,418677,
273,Rb2(C2)(NH3)2,C2/m,12,Triv.,,,,HQ,1,425117,
274,NaMn(Zr2F11),C2/m,12,SM,,FM,,HQ,1,81219,
275,Na(VHf2F11),C2/m,12,SM,,FM,,HQ,1,94460,
276,Li(SO3F),C2/m,12,Triv.,b,NM,,HQ,1,1384,
277,AlWO4,C2/m,12,Triv.,b,FM,,HQ,1,4164,
278,Cs4(IrO4),C2/m,12,SM,,FM,,HQ,1,72287,
279,K4(Nb6Cl18),C2/m,12,Triv.,,NM,,,1,41118,
280,K4((NbBr)6Br12),C2/m,12,Triv.,,NM,,HQ,1,49687,
281,K4(Ta6Cl12)Cl6,C2/m,12,Triv.,,NM,,HQ,1,59851,
282,Tl4(Br12(NbBr)6),C2/m,12,Triv.,,NM,,HQ,1,402033,
283,Rb4(Nb6Cl18),C2/m,12,Triv.,,NM,,HQ,2,402272 404165,
284,KCr(C2O4)2(H2O)2,C2/m,12,SM,,AFM,,HQ,1,172524,
285,RbCr(C2O4)2(H2O)2,C2/m,12,SM,,AFM,,HQ,1,281565,
286,(Ni(NH3)4)(NCS)2,C2/m,12,Triv.,,FM,,HQ,1,72515,
287,Ni(NH3)4(NO2)2,C2/m,12,Triv.,,FM,,HQ,2,201208 201209,
288,NiCl2(H2O)6,C2/m,12,Triv.,,FM,,,3,22284 64878 64879,
289,CoCl2(H2O)6,C2/m,12,SM,,AFM,,,3,34429 42744 69393,
290,O8,C2/m,12,Triv.,,NM,,,5,156481 236855 236856 236857 236858,
291,(NO2)(AsF6),C2/m,12,TI,,NM,,HQ,1,68906,
292,In2Ge2O7,C2/m,12,Triv.,b,NM,,HQ,4,20053 74896 239592 409548,
293,(V(H2O)6)(CF3SO3)2,C2/m,12,SM,,FM,,,1,68779,
294,(Fe(H2O)6)((CF3)SO3)2,C2/m,12,Triv.,,FM,,,2,109429 280328,
295,Zn3(AsO4)2(H2O)8,C2/m,12,Triv.,,NM,,,1,100492,
296,TaCl4,C2/m,12,Triv.,"b,s",NM,,HQ,1,402406,
297,WOF4,C2/m,12,Triv.,,NM,,HQ,1,10393,
298,(Mn(N2H4)2)Cl2,C2/m,12,SM,,FM,,HQ,1,25784,
299,Zr2O(PO4)2,C2/m,12,Triv.,b,NM,,,5,416014 424511 424513 424514 424515,
300,Cs2(Sb2F10O),P2/c,13,Triv.,,NM,,HQ,1,21016,
301,Sr(Cu(OH)4)(H2O),P2/c,13,SM,,FM,,HQ,1,154808,
302,Li(BH4),P2/c,13,Triv.,,FM,,,1,168803,
303,LiC2(CN)4,P2/c,13,SM,,NM,,HQ,9,251418 251419 251420 251421 251422 251423 251424 251425 251426,
304,Cs2(CO3)(H2O)3,P2/c,13,Triv.,,NM,,HQ,2,411684 411685,
305,CuSr(HCOO)4,P2/c,13,SM,,FM,,HQ,1,150120,
306,CaCu(HCOO)4,P2/c,13,SM,,FM,,HQ,1,151315,
307,K((CF3)BF3),P21/c,14,Triv.,,NM,,,1,1194,
308,Mg2(Si2O6),P21/c,14,Triv.,b,NM,,,1,5218,
309,(K(H2PO3))(HF),P21/c,14,Triv.,,NM,,,1,9151,
310,((POCl3)OCl2MoCl2MoOCl2(POCl3)),P21/c,14,Triv.,,FM,,,1,15320,
311,K(Au(NO3)4),P21/c,14,Triv.,,NM,,,1,16141,
312,K(PNH3O3),P21/c,14,Triv.,,NM,,,1,23291,
313,BF3,P21/c,14,Triv.,,NM,,,1,24783,
314,(PNF2)4,P21/c,14,Triv.,,NM,,,2,31038 31125,
315,S6N4(SO3F)2,P21/c,14,Triv.,,NM,,,1,31789,
316,CsHC2O4,P21/c,14,Triv.,,NM,,,1,39364,
317,Cs2C2O4(H2O)2,P21/c,14,Triv.,,NM,,HQ,1,39365,
318,K2(SbF5),P21/c,14,Triv.,,NM,,,1,39634,
319,Rb(H2PO4),P21/c,14,Triv.,,NM,,,1,47189,
320,(Ag(NCCl)2)(SbF6),P21/c,14,Triv.,,NM,,HQ,1,64638,
321,Bi2Cu(SeO3)4,P21/c,14,SM,"b,s",FM,,,2,66826 66827,
322,Co(HSeO3)2(H2O)2,P21/c,14,SM,,FM,,,1,75134,
323,Cs(ReF6O),P21/c,14,Triv.,,NM,,,1,78392,
324,(Si(NH3)2)F4,P21/c,14,Triv.,,NM,,HQ,1,78902,
325,Cs(SO3F),P21/c,14,Triv.,,NM,,HQ,1,82520,
326,(Pt(CO)2Cl2),P21/c,14,Triv.,,NM,,,1,82803,
327,Na2(Pd(NO3)4),P21/c,14,Triv.,,NM,,,1,92625,
328,(NH4)(Sn(C2O4)F),P21/c,14,Triv.,,NM,,,1,109889,
329,((CH3)2NH)2SnBr4,P21/c,14,Triv.,,NM,,,1,110028,
330,Mo2(HCOO)4,P21/c,14,Triv.,,NM,,,1,151313,
331,Rb2(Pd(NO3)4),P21/c,14,Triv.,,NM,,,1,158878,
332,K2(Pd(NO3)4),P21/c,14,Triv.,,NM,,,1,166766,
333,SnCl4(NH(CH3)2)2,P21/c,14,Triv.,,NM,,,1,170799,
334,Cu(IO3)2(H2O)2,P21/c,14,SM,,FM,,HQ,1,200326,
335,BaCu(SeO3)2,P21/c,14,TI,b,FM,,,1,202387,
336,LiNH2BH3(NH2NH2),P21/c,14,Triv.,,NM,,,1,238484,
337,Na2Cu(C2O4)2,P21/c,14,SM,,,,,1,242098,
338,CuCl2(C2H4N4)2,P21/c,14,SM,,,,,1,250269,
339,Sr2Pt(OH)8,P21/c,14,Triv.,,NM,,,1,251043,
340,((NH4)2(Cu(C2O4)2)),P21/c,14,SM,,,,,1,253556,
341,Rb2Cu(VO2)2(PO4)2,P21/c,14,SM,b,FM,,,1,260010,
342,Cu(H2PO2)2,P21/c,14,SM,,FM,,HQ,2,280917 280918,
343,((CH3)2(H3B)P2(BH3)(CH3)2),P21/c,14,Triv.,,NM,,,1,281782,
344,Cu(C2N3)2(NH3)2,P21/c,14,SM,,FM,,,1,290326,
345,CuMg2(V2O8),P21/c,14,SM,b,FM,,HQ,1,404851,
346,(F3CSO3SiH2)2,P21/c,14,Triv.,,NM,,,1,409803,
347,SnAl2OCl6,P21/c,14,Triv.,,NM,,,1,411777,
348,Na2(Cu(NO3)4),P21/c,14,SM,,FM,,,1,413267,
349,((Co(H2O)2)Cl2)(H2SeO3)2,P21/c,14,SM,,FM,,,1,415462,
350,K2(C2)(NH3)2,P21/c,14,Triv.,,NM,,HQ,1,425116,
351,Na2AgF4,P21/c,14,SM,b,FM,,HQ,1,425149,
352,Pd(HS2O7)2,P21/c,14,Triv.,,FM,,,1,426138,
353,KNO3,P21/c,14,Triv.,,,,HQ,1,428909,
354,SrCrO4,P21/c,14,Triv.,,,,,4,670010 40922 159266 160793,
355,Na3MnF6,P21/c,14,Triv.,b,,,,2,673330 66315,
356,(COOH)2(H2O)2,P21/c,14,Triv.,,NM,,HQ,2,246777 246778,
357,Cu(AlCl4)2,P21/c,14,SM,"b,s",FM,,HQ,2,14107 80107,
358,C14H8O2,P21/c,14,Triv.,,NM,,,2,58089 58090,
359,Ba2(TiO4),P21/c,14,Triv.,,NM,,HQ,2,2625 15450,2625(b)
360,Sr2(GeO4),P21/c,14,Triv.,,NM,,HQ,1,56382,
361,Ni(PO2(OH)2)2(H2O)2,P21/c,14,Triv.,,FM,,,2,417429 417430,
362,CsHSeO4,P21/c,14,Triv.,,NM,,HQ,3,290644 290645 411282,
363,Na2Cu(CO3)2,P21/c,14,SM,b,FM,,HQ,3,10355 60858 426579,
364,Sr2Cu(BO3)2,P21/c,14,SM,b,FM,,HQ,1,202934,
365,Cu(ZrF6)(H2O)4,P21/c,14,SM,,FM,,,1,2618,
366,(Cu(H2O)4)(SiF6),P21/c,14,SM,,FM,,,1,165385,
367,FeY2Be2Si2O10,P21/c,14,Triv.,"b,s",FM,,,2,109310 109343,
368,(NH2NH3)(NO3),P21/c,14,Triv.,,NM,,,2,162750 170796,
369,Rb2(CO3),P21/c,14,Triv.,,NM,,,2,14155 414123,
370,K2(Pd(CN)4),P21/c,14,Triv.,,NM,,,1,413899,
371,K(HCO3),P21/c,14,Triv.,,NM,,HQ,4,2074 2075 2076 43015,
372,Ni(IO3)2(H2O)4,P21/c,14,Triv.,,FM,,,1,10243,
373,Co(IO3)2(H2O)4,P21/c,14,SM,,FM,,,2,408060 411878,
374,Al4Co(BO4)2O2,P21/c,14,SM,b,FM,,,1,1975,
375,Na2(C2O4),P21/c,14,Triv.,,NM,,HQ,3,56906 171458 171459,
376,Na2(Cu(H2O)2)(V2O4F6),P21/c,14,SM,,FM,,,1,424346,
377,Na2(CuF4),P21/c,14,SM,b,FM,,,1,34602,
378,K2(AgF4),P21/c,14,SM,b,FM,,HQ,1,421461,
379,Li2PtF6,P21/c,14,Triv.,"b,s",NM,,,1,26168,
380,Cs(HCO3),P21/c,14,Triv.,,NM,,HQ,1,300259,
381,Rb2(Pt(CN)4Br2),P21/c,14,Triv.,,NM,,HQ,1,852,
382,K2(Pt(CN)4Br2),P21/c,14,Triv.,,NM,,HQ,1,413705,
383,Na2Cu(SO4)2(H2O)2,P21/c,14,SM,,FM,,,2,1915 422593,
384,(KrF)(AsF6),P21/c,14,Triv.,,NM,,,1,279624,
385,Sr2Zn(OH)6,P21/c,14,Triv.,,NM,,HQ,1,66971,
386,Sr2(Cu(OH)6),P21/c,14,SM,b,FM,,HQ,1,260446,
387,(XeF)(AsF6),P21/c,14,Triv.,,NM,,,2,1691 260951,
388,Au(AuF4)2,P21/c,14,SM,"b,s",FM,,HQ,1,89620,
389,K2(P2O5F2),C2/c,15,Triv.,,NM,,HQ,1,1659,
390,Na2Cu(PO3)4,C2/c,15,SM,b,FM,,,1,2822,
391,S10,C2/c,15,Triv.,,NM,,HQ,1,38263,
392,Ni(NH2NHCO2)2(H2O)2,C2/c,15,Triv.,,FM,,,1,48155,
393,K2(SeO4)(Te(OH)6),C2/c,15,Triv.,b,NM,,,3,56856 154512 170043,
394,Cs4(PbCl6),C2/c,15,Triv.,"b,s",NM,,HQ,1,62351,
395,Be2Rb(P3O10),C2/c,15,Triv.,"b,s",NM,,,1,72985,
396,Na2O2(H2O)8,C2/c,15,Triv.,,NM,,,1,79693,
397,Cd((H3CO)CS2)2,C2/c,15,Triv.,,NM,,,1,110011,
398,Na2(C4O4)(H2O)3,C2/c,15,Triv.,,NM,,,1,151153,
399,CrF(NC(CH3))2(BF4),C2/c,15,Triv.,,,,,1,169664,
400,Li2Pb2(CuB4O10),C2/c,15,SM,b,FM,,,1,180108,
401,Co(C4O4)(H2O)4,C2/c,15,SM,,FM,,,1,180990,
402,Bi2(SO4)3,C2/c,15,Triv.,,NM,,,1,193352,
403,((CH3)NH3)2SiF6,C2/c,15,Triv.,,NM,,,1,240237,
404,Sn(CH3)2(Au(CN)2)2,C2/c,15,Triv.,,,,,1,249795,
405,(C(NH2)3)(C(NO2)3)(H2O),C2/c,15,Triv.,,NM,,,1,417769,
406,Cu(C(CN)3)2(NH3)2,C2/c,15,SM,,,,,1,428562,
407,Ca(CO3)(H2O)6,C2/c,15,Triv.,,NM,,,8,16070 31305 151488 195903 195904 195905 195906 195907,
408,Ca(MnF5),C2/c,15,Triv.,b,FM,,HQ,1,69632,
409,Co(AlCl4)2,C2/c,15,SM,"b,s",FM,,,1,22143,
410,V(AlCl4)2,C2/c,15,SM,"b,s",FM,,HQ,1,415951,
411,Ni(GaCl4)2,C2/c,15,TI,"b,s",FM,,HQ,1,417870,
412,Ni(AlCl4)2,C2/c,15,TI,"b,s",FM,,HQ,1,417872,
413,Mn(NO)(CO)4,C2/c,15,Triv.,,NM,,HQ,1,15221,
414,Zn(C2O4)(H2O)2,C2/c,15,Triv.,,NM,,HQ,1,56466,
415,K2(NH(SO3)2),C2/c,15,Triv.,,NM,,,1,15880,
416,Co(HSeO3)2(H2O)4,C2/c,15,SM,,,,,1,79091,
417,Ni(HSeO3)2(H2O)4,C2/c,15,Triv.,,FM,,,1,79092,
418,Pb3(PO4)2,C2/c,15,Triv.,,NM,,HQ,21,92582 4263 8092 8093 8094 14247 38007 38008 38009 38010 66379 93440 93441 93442 93443 93444 93445 16641 34627 35191 44802,
419,(Na2(CO3))(Na(HCO3))(H2O)2,C2/c,15,Triv.,,NM,,,0,,
420,Cs(SbO2),C2/c,15,Triv.,"b,s",NM,,HQ,1,59329,
421,S(NSO)2,C2/c,15,Triv.,,NM,,HQ,3,14197 15795 41538,
422,NaCu(SO4)F,C2/c,15,SM,b,FM,,HQ,1,262273,
423,S10S6,C2/c,15,Triv.,,NM,,,1,38264,
424,(VO)(H2PO2)2(H2O),C2/c,15,SM,,FM,,HQ,1,75435,
425,(NH4)2(C2O4)(H2O),P21212,18,Triv.,,NM,,,5,64925 64927 64934 64935 64938,
426,(Sr6N)(CoN2)(CN2)2,P21212,18,Triv.,,FM,,,1,162927,
427,(Sr6N)(FeN2)(CN2)2,P21212,18,SM,,FM,,,1,409974,
428,K(Al(NH2)4),C2221,20,Triv.,,NM,,HQ,1,2538,
429,Cs3(VCl2(H2O)4)Cl4,I222,23,Triv.,,,,HQ,1,150082,
430,(Pd(NH3)4)(Ni(C2O4)2(H2O)2)(H2O)2,I222,23,Triv.,,FM,,,1,417562,
431,(Pt(NH3)4)(Ni(C2O4)2(H2O)2)(H2O)2,I222,23,Triv.,,FM,,,1,417564,
432,(Pt(NH3)4)(Co(C2O4)2(H2O)2)(H2O)2,I222,23,SM,,FM,,,1,420437,
433,(Pt(NH3)4)(Zn(C2O4)2(H2O)2)(H2O)2,I222,23,Triv.,,NM,,,1,417565,
434,NaRb2(NO3)3,Pmc21,26,Triv.,,NM,,HQ,1,195082,
435,KF(H2O)2,Pmc21,26,Triv.,,NM,,HQ,3,165371 165372 165373,
436,Na2(CO3)(H2O),Pca21,29,Triv.,,NM,,,4,15959 1852 6293 34886,
437,(NH4)F(NH3),Pca21,29,Triv.,,NM,,,1,419918,
438,Cl(CO)SNSO,Pca21,29,Triv.,,NM,,HQ,2,91453 410061,
439,HF2N,Pca21,29,Triv.,,NM,,HQ,1,404200,
440,Na2(HPO3)(H2O)5,Pmn21,31,Triv.,,NM,,,2,1602 16138,
441,(VO)(SO4)(H2O)5,Pmn21,31,SM,,FM,,,2,23308 92978,
442,MoO2Cl2(H2O),Pmn21,31,Triv.,,NM,,HQ,1,25031,
443,Pb2(NO2)(NO3)(SeO3),Pmn21,31,Triv.,,NM,,HQ,1,60893,
444,K3((SnCl3)IrCl5),Pmn21,31,Triv.,b,NM,,HQ,1,69143,
445,(N(CH3)4)(OCN),Pmn21,31,Triv.,,NM,,,1,150997,
446,(NH3)(BH3),Pmn21,31,Triv.,,NM,,,5,180547 182301 159678 182300 187303,
447,BaCl(BF4),Pmn21,31,Triv.,,NM,,HQ,1,188654,
448,Au2(SeO3)2O,Pba2,32,Triv.,b,NM,,HQ,1,37009,
449,CuNa2(OH)4,Pna21,33,SM,,FM,,,1,65649,
450,Be(HPO4)(H2O),Pna21,33,Triv.,,NM,,,1,83835,
451,Zn(OH)(NO3),Pna21,33,Triv.,b,NM,,HQ,1,415537,
452,(H3O)(NO3),Pna21,33,Triv.,,NM,,,2,1900 1901,
453,KBePO4,Pna21,33,Triv.,b,NM,,,2,202603 4255,202603(s)
454,LiH2PO4,Pna21,33,Triv.,,NM,,,3,100200 182308 182309,
455,(NH4)Li(SeO4),Pna21,33,Triv.,,NM,,,1,300031,
456,OsOF5,Pna21,33,SM,,FM,,HQ,1,240332,
457,Na3(ON(SO3)2)(H2O)3,Cmc21,36,Triv.,,NM,,,1,4288,
458,K2(OsNCl5),Cmc21,36,Triv.,,,,,1,43729,
459,(NH4)3Cr(O2)4,Cmc21,36,SM,,FM,,,2,237784 261390,
460,(Cl3CCN)(NbCl5),Cmc21,36,Triv.,,NM,,HQ,1,402856,
461,H2F3P,Cmc21,36,Triv.,,NM,,HQ,2,406359 51680,
462,ClN3,Cmc21,36,Triv.,,NM,,HQ,1,424502,
463,K2S3,Cmc21,36,Triv.,,NM,,HQ,1,1263,
464,K2Se3,Cmc21,36,Triv.,,NM,,HQ,1,1264,
465,Rb2S3,Cmc21,36,Triv.,,NM,,HQ,1,14092,
466,Rb2Se3,Cmc21,36,Triv.,,NM,,HQ,2,14093 650051,
467,Cs2S3,Cmc21,36,Triv.,,NM,,HQ,1,14094,
468,K3(Pd((SO3)2H)Cl2),Cmc21,36,Triv.,,NM,,HQ,1,49686,
469,Li2(PO2N),Cmc21,36,Triv.,,NM,,,2,188493 188494,
470,Cs2Li(MnO4),Cmc21,36,Triv.,"b,s",AFM,,HQ,1,72361,
471,((CH3)4N)(OsFO4),Aem2,39,Triv.,,NM,,,1,110743,
472,Cs(B3H8),Ama2,40,Triv.,,NM,,HQ,1,65947,
473,CrO3,Ama2,40,Triv.,,NM,,HQ,4,16031 24043 38125 109366,
474,NaCa4B3O9,Ama2,40,Triv.,,NM,,,1,239001,
475,IF7,Aea2,41,Triv.,,NM,,,2,18191 31691,
476,(NH4)3(AlF6),Aea2,41,Triv.,,NM,,,1,96591,
477,(NH4)4(H2(CO3)3)(H2O),Fmm2,42,Triv.,,NM,,,1,281534,
478,(CH3)2(SO4),Fdd2,43,Triv.,,NM,,HQ,1,171689,
479,(C2F5)2GeH2,Fdd2,43,Triv.,,NM,,,1,196449,
480,NaAg(NO2)2,Fdd2,43,Triv.,,NM,,HQ,1,200377,
481,(C2F5)2SiH2,Fdd2,43,Triv.,,,,,1,241929,
482,K2(B(CN)3),Fdd2,43,Triv.,,NM,,HQ,1,262588,
483,(SeCl3)2(ReCl6),Fdd2,43,SM,b,FM,,HQ,2,68655 404534,
484,K2(Cu(CO3)2),Fdd2,43,SM,b,FM,,,3,36447 200695 200779,
485,K(H2PO4),Fdd2,43,Triv.,b,NM,,,3,31151 68696 183037,
486,Rb(H2PO4),Fdd2,43,Triv.,,NM,,HQ,3,54873 200890 69318,54873(b) 200890(b)
487,(N2H5)Cl,Fdd2,43,Triv.,,NM,,,1,65334,
488,Cs2(As2Al2O7),Imm2,44,Triv.,"b,s",NM,,HQ,1,154363,
489,K3Na4(SiF6)3(BF4),Imm2,44,Triv.,b,NM,,,1,160430,
490,NaAl(CO3)(OH)2,Ima2,46,Triv.,b,NM,,HQ,1,67435,
491,NaHCN4H2O,Pmma,51,Triv.,,NM,,HQ,1,15874,
492,RbNb4Br11,Pmma,51,Triv.,,NM,,,1,380397,
493,Rb(Nb4Cl11),Pmma,51,Triv.,,NM,,,1,412126,
494,CsNb4Cl11,Pmma,51,Triv.,,NM,,,1,26076,
495,Rb3IO5,Pnna,52,Triv.,,NM,,,1,4326,
496,CuCl2(H2O)2,Pmna,53,SM,,FM,,HQ,4,15087 163013 34239 40290,
497,(BrF2)(SbF6),Pcca,54,Triv.,,NM,,,1,9886,
498,CaBi(OF(CO3)),Pcca,54,Triv.,,NM,,,1,157756,
499,F2(OPOPO)F2,Pcca,54,Triv.,,NM,,,1,248122,
500,(ClF2)(NbF6),Pcca,54,Triv.,,NM,,,1,39501,
501,(ClF2)(TaF6),Pcca,54,Triv.,,NM,,,1,39502,
502,NbBr5,Pbam,55,Triv.,,,,,1,35410,
503,(Mg(XeF2)2)(AsF6)2,Pbam,55,Triv.,"b,s",NM,,,1,281694,
504,K5I2(AuO2),Pbam,55,Triv.,"b,s",NM,,HQ,1,40376,
505,Co(SO4)(N2H4),Pccn,56,SM,,FM,,,1,261204,
506,Na2N2O3H2O,Pbcm,57,Triv.,,NM,,,1,10182,
507,K(SCN),Pbcm,57,Triv.,,NM,,,6,36203 28355 36073 65074 65075 67582,
508,K2(HgS2),Pbcm,57,Triv.,b,NM,,HQ,1,74500,
509,(NF4)(BF4),Pbcm,57,Triv.,,NM,,,1,165425,
510,((CH3)2Se)AlCl3,Pbcm,57,Triv.,,NM,,,1,250558,
511,((CH3)2Te)AlCl3,Pbcm,57,Triv.,,NM,,,1,250561,
512,((CH3)2Te)AlBr3,Pbcm,57,Triv.,,NM,,,1,250562,
513,K(N(CN)2),Pbcm,57,Triv.,,NM,,HQ,1,428975,
514,K2Hg(BrO3)2(NO3)2,Pnnm,58,Triv.,b,NM,,,1,24405,
515,(Ag(NCH)2)(SbF6),Pnnm,58,Triv.,,NM,,HQ,1,63287,
516,((CH3)NH3)2(SiF6),Pnnm,58,Triv.,,NM,,,1,110673,
517,Ni(N(CN)2)2,Pnnm,58,Triv.,b,FM,,,1,85617,
518,Co(N(CN)2)2,Pnnm,58,SM,b,FM,,,1,85619,
519,(N(CH3)4)(NO2),Pmmn,59,Triv.,,NM,,,1,150985,
520,NaB3H8,Pmmn,59,Triv.,,NM,,HQ,1,260964,
521,Tl((MoOCl2)2Cl3),Pmmn,59,Triv.,"b,s",FM,,HQ,1,408775,
522,Rb(I(ICN)2),Pmmn,59,Triv.,,NM,,HQ,1,35411,
523,CsNa2(BO3),Pmmn,59,Triv.,,NM,,HQ,1,67524,
524,(NH4)(NO3),Pmmn,59,Triv.,,NM,,,2,2772 24013,
525,CsNO3,Pmmn,59,Triv.,,NM,,,2,16339 16340,
526,Na2(TeO4),Pbcn,60,Triv.,"b,s",NM,,,1,1108,
527,S4N4,Pbcn,60,Triv.,,NM,,,1,51516,
528,K2(AlF3(SO4)),Pbcn,60,Triv.,b,NM,,,1,161272,
529,Ba(PdCl4),Pbcn,60,Triv.,b,NM,,HQ,1,411837,
530,Na2WO2F4,Pbcn,60,Triv.,b,NM,,,2,201173 673329,
531,Ca2F2(CO3),Pbcn,60,Triv.,,NM,,,2,100607 158901,
532,Cs2Re2Br8,Pbca,61,Triv.,,NM,,,1,26060,
533,S(CN)2,Pbca,61,Triv.,,,,,3,670398 14340 25520,
534,Se(CN)2,Pbca,61,Triv.,,,,,2,670399 27441,
535,B2Cl4,Pbca,61,Triv.,,NM,,HQ,2,14213 31693,
536,ClO2,Pbca,61,Triv.,,NM,,HQ,5,67663 67664 67665 67666 180778,
537,Na3(B3O5(OH)2),Pnma,62,Triv.,,NM,,,1,1939,
538,H3B3O6,Pnma,62,Triv.,,NM,,,1,16545,
539,(HgCN)2O,Pnma,62,Triv.,,NM,,HQ,3,25708 28398 29037,
540,NH4FH2O2,Pnma,62,Triv.,,NM,,,1,28552,
541,K2(S2CNCN)(H2O),Pnma,62,Triv.,,NM,,,1,36006,
542,(HBO2),Pnma,62,Triv.,,NM,,,1,39129,
543,RbLiO,Pnma,62,Triv.,,NM,,HQ,1,65170,
544,Rb(SF5),Pnma,62,Triv.,,NM,,HQ,1,65221,
545,K(NO3),Pnma,62,Triv.,,NM,,HQ,6,85491 10289 10290 28077 52376 71397,
546,((CH3)NH3)(NO3),Pnma,62,Triv.,,NM,,,1,110635,
547,Na((CF3)SO3)(H2O),Pnma,62,Triv.,,NM,,,1,151032,
548,(CH3)S(O)2NCl2,Pnma,62,Triv.,,NM,,,1,151036,
549,CH3FO2,Pnma,62,Triv.,,NM,,HQ,1,170925,
550,Ba3Cl4(CO3),Pnma,62,Triv.,,NM,,,1,174065,
551,LiGaCl3,Pnma,62,Triv.,,NM,,,1,202641,
552,SrF2,Pnma,62,Triv.,,NM,,,2,248433 262349,
553,CaCO3,Pnma,62,Triv.,,,,,66,252923 252924 15194 15198 32100 34308 52152 56090 157992 157993 157994 157995 157996 157997 161817 166085 166086 166087 169890 169891 169892 169893 169894 169895 169896 169897 169898 169899 169900 169901 169902 169903 169904 169905 169906 169907 169909 169910 169911 169912 170225 190072 252901 252902 252903 252904 252905 252907 252908 252909 252910 252911 252912 252913 252914 252915 252916 252917 252918 252919 252920 252921 252922 27827 157301 157302,
554,K2(SnCl3)Cl(H2O),Pnma,62,Triv.,,NM,,,1,290298,
555,(TaCl5)(SOCl2),Pnma,62,Triv.,,NM,,,1,411518,
556,Rb2(CO3),Pnma,62,Triv.,,NM,,HQ,1,414122,
557,Sr(CO3),Pnma,62,Triv.,,NM,,HQ,8,15195 27293 56099 166088 202793 15196 26718 56100,15196(k) 26718(k) 56100(k)
558,Ba(CO3),Pnma,62,Triv.,,NM,,HQ,23,91888 91889 91890 91891 91892 91893 91894 91895 91896 158378 158379 158380 158381 158382 158383 158384 158385 158386 166090 158387 158388 166091 190075,91888(k) 91889(k) 158378(k) 158379(k) 158380(k) 158381(k) 158382(k) 166090(k) 166091(k) 190075(k)
559,K(BF4),Pnma,62,Triv.,,NM,,HQ,3,9875 21081 22260,
560,NH4SO3F,Pnma,62,Triv.,,,,,1,16146,
561,Ba(SO4),Pnma,62,Triv.,,NM,,HQ,24,33733 33734 33735 44414 68308 76926 100623 154286 167519 180337 180338 180339 186426 190065 200112 16916 31896 44415 75955 75956 92609 109432 154273 190064,
562,Pb(SO4),Pnma,62,Triv.,,NM,,HQ,0,,
563,Pb(BeF4),Pnma,62,Triv.,,NM,,HQ,1,24568,
564,In(BF4),Pnma,62,Triv.,,NM,,HQ,1,50218,
565,Tl(BF4),Pnma,62,Triv.,,NM,,HQ,1,300222,
566,Cs(NH2SO3),Pnma,62,Triv.,,NM,,,1,180845,
567,Rb2PO3F,Pnma,62,Triv.,,NM,,HQ,2,172343 172344,
568,Cs2PO3F,Pnma,62,Triv.,,NM,,HQ,2,172345 172346,
569,K2PO3F,Pnma,62,Triv.,,NM,,HQ,2,200441 15691,
570,Rb(CN3H4),Pnma,62,Triv.,,NM,,,2,422591 425942,
571,Cs(SCN),Pnma,62,Triv.,,NM,,,17,19001 60523 60870 60871 60872 60873 60874 60875 60876 60877 60878 60879 93070 93072 93074 93076 93078,
572,Cs(SO2F),Pnma,62,Triv.,,NM,,HQ,0,,
573,(F5S)(CN),Pnma,62,Triv.,,NM,,,3,413755 413756 413757,
574,(H3O)FSO3,Pnma,62,Triv.,,NM,,,1,33866,
575,K2OsNCl5,Pnma,62,Triv.,,NM,,,2,27560 28208,
576,K2(MoOCl5),Pnma,62,SM,,FM,,,1,28215,
577,K2(ReCl5O),Pnma,62,Triv.,,NM,,,1,68907,
578,K2(TcOCl5),Pnma,62,Triv.,,NM,,,1,188005,
579,K2(Ru(NO)Cl5),Pnma,62,Triv.,,NM,,,3,20713 20436 72617,20713(b)
580,Li(ClO4),Pnma,62,Triv.,b,NM,,HQ,2,165579 413238,
581,Mg2(BO3)F,Pnma,62,Triv.,b,NM,,HQ,1,28096,
582,K2TaF7,Pnma,62,Triv.,,NM,,,2,260876 260877,
583,CsTeF5,Pnma,62,Triv.,,NM,,HQ,1,200252,
584,Na(TeF5),Pnma,62,Triv.,,NM,,HQ,1,202879,
585,NaY(CO3)F2,Pnma,62,Triv.,,NM,,,10,89258 38209 56291 72545 92198 97764 99860 153699 154117 155580,38209(b) 56291(b) 72545(b) 92198(b) 97764(b) 99860(b) 153699(b) 154117(b) 155580(b)
586,LiFe(PO4),Pnma,62,Triv.,,AFM,,,24,155635 160776 159107 161479 162282 166815 183874 184652 184862 184863 185308 189057 190771 190772 193797 193799 193800 194331 200155 241942 246855 246857 260569 260570,155635(b) 160776(b) 161479(b) 162282(b) 166815(b) 183874(b) 184652(b) 184863(b) 185308(b) 189057(b) 190771(b) 190772(b) 193797(b) 193799(b) 193800(b) 194331(b) 200155(b) 241942(b) 246855(b) 246857(b) 260569(b) 260570(b)
587,OsOF5,Pnma,62,SM,,FM,,HQ,9,260571 260572 290334 290335 290339 290336 290718 290719 16872,260571(b) 260572(b) 290334(b) 290335(b) 290339(b) 290718(b) 290719(b)
588,K3OCl,Pnma,62,Triv.,"b,s",NM,,HQ,1,78891,
589,(NH4)(PO2F2),Pnma,62,Triv.,,NM,,,1,16152,
590,KPO2F2,Pnma,62,Triv.,,NM,,HQ,1,26640,
591,Rb(H2PO2),Pnma,62,Triv.,,NM,,HQ,2,59834 250131,
592,S3(CN)2,Pnma,62,Triv.,,NM,,,2,1084 25505,
593,Se(SeCN)2,Pnma,62,Triv.,,NM,,HQ,8,10072 24054 171333 247099 14334 65783 69145 200408,
594,SC(NH2)2,Pnma,62,Triv.,,NM,,,0,,
595,K2(BiF5),Pnma,62,Triv.,"b,s",NM,,,1,418777,
596,Ca3Cl2C3,Cmcm,63,Triv.,,NM,,HQ,1,33818,
597,Ba3WO5Cl2,Cmcm,63,Triv.,,NM,,HQ,1,63518,
598,Rb3(Re3Cl12),Cmcm,63,Triv.,,NM,,,1,63585,
599,LiBF2(C2O4),Cmcm,63,Triv.,,NM,,HQ,1,185384,
600,Na(IO2F2),Cmcm,63,Triv.,b,NM,,HQ,1,260003,
601,K2(SbF5),Cmcm,63,Triv.,,NM,,,2,24742 39630,
602,K2(TeOF4),Cmcm,63,Triv.,,NM,,HQ,1,412955,
603,Na(B(C2O4)2),Cmcm,63,Triv.,,NM,,HQ,1,281622,
604,Li(NO3)(H2O)3,Cmcm,63,Triv.,,NM,,,5,1135 23109 23110 48039 48040,
605,RbCd(ZrF7),Cmcm,63,Triv.,"b,s",NM,,HQ,1,245783,
606,(Re(CO)5)I,Cmcm,63,Triv.,,NM,,,1,71219,
607,Mn(CO)5I,Cmcm,63,Triv.,,NM,,HQ,1,71878,
608,(Tc(CO)5)I,Cmcm,63,Triv.,,NM,,HQ,1,85335,
609,SrV(Si2O7),Cmcm,63,SM,b,FM,,,1,64766,
610,Sr2(V2Si4O14),Cmcm,63,SM,b,FM,,HQ,1,83361,
611,Sr2CuF6,Cmce,64,SM,b,FM,,,1,9926,
612,NbP2S8,Cmce,64,Triv.,,NM,,,1,37326,
613,Na2(W2O7),Cmce,64,Triv.,b,NM,,,3,24041 1883 290459,24041(s)
614,(Pt(NH3)4)(SnCl6),Cmce,64,Triv.,,NM,,,1,74556,
615,Ta6Br14,Cmce,64,Triv.,,NM,,,1,402031,
616,(Ni(H2O)4)(C3H2N3O3)2,Fmmm,69,Triv.,,,,,1,66806,
617,(Co(N5)2(H2O)4)(H2O)4,Fmmm,69,SM,,,,,1,432489,
618,TaI2Cl2,Immm,71,Triv.,,NM,,HQ,1,69688,
619,Cs(BrF4),Immm,71,Triv.,,NM,,HQ,1,426292,
620,Na3(AlF6),Immm,71,Triv.,,NM,,HQ,2,74210 74211,
621,NaAl(OH)2(CO3),Imma,74,Triv.,b,NM,,HQ,1,100140,
622,CrOF3,P41,76,SM,"b,s",FM,,,1,59123,
623,C(HCO2)2,P41,76,Triv.,,,,,1,109620,
624,(Ni(SC(NH2)2)4Cl2),I4,79,Triv.,,FM,,,2,61122 61123,
625,Na4(CO(PO3)2)(H2O)2,P4̄,81,Triv.,,NM,,,1,19,
626,K5(Nb(CN)8),I4̄,82,Triv.,,NM,,HQ,1,16458,
627,CsCo(CO)4,I4̄,82,Triv.,,NM,,HQ,2,31359 31360,
628,LiNH2,I4̄,82,Triv.,,NM,,HQ,10,173179 10354 51679 161017 165467 168792 168793 182470 182471 237203,
629,Cu(XeF2)4(SbF6)2,I4̄,82,SM,,FM,,HQ,1,249656,
630,Li3Na(NH2)4,I4̄,82,Triv.,,NM,,HQ,2,201147 201148,
631,Re4Te4(TeBr2)4Br8,I4̄,82,Triv.,,NM,,HQ,1,78924,
632,((S4Re4)Cl8(TeCl2)4),I4̄,82,Triv.,,NM,,HQ,1,165333,
633,((Te4Re4)Cl8(TeCl2)4),I4̄,82,Triv.,,NM,,HQ,1,165335,
634,(PCl4)(SbF6),P4/n,85,Triv.,,NM,,HQ,1,71876,
635,(Li(NH3)4)(C2)H,P4/n,85,Triv.,,NM,,,1,425119,
636,PCl5,P4/n,85,Triv.,,NM,,,2,26048 26661,
637,Cs(Al(NH2)4),P4/n,85,Triv.,,NM,,HQ,2,2537 40169,
638,(VO)(SO4),P4/n,85,SM,b,AFM,,HQ,1,18307,
639,MoO(PO4),P4/n,85,SM,b,FM,,HQ,2,24894 36095,
640,(PNCl2)4,P42/n,86,Triv.,,NM,,,2,23897 33711,
641,KSb4F13,I4/m,87,Triv.,,NM,,,1,24740,
642,Ba(VSi2O7),I4/m,87,Triv.,b,AFM,,HQ,1,78029,
643,(N(CH3)4)2(PtF6),I4/m,87,Triv.,,NM,,,1,151176,
644,Ba2Zr6Cl17B,I4/m,87,Triv.,b,NM,,HQ,1,203141,
645,Cs8(Ta6O19),I4/m,87,Triv.,"b,s",NM,,,1,411856,
646,((CH3)4N)2K(Mn(CN)6),I4/m,87,Triv.,,FM,,,1,107665,
647,((CH3)4N)2Rb(Co(CN)6),I4/m,87,Triv.,,NM,,,1,107666,
648,((CH3)4N)2(KFe(CN)6),I4/m,87,SM,,FM,,,1,239245,
649,Na4(IrO4),I4/m,87,SM,b,FM,,HQ,1,67826,
650,Na2TiOSi4O10,I4/m,87,Triv.,"b,s",NM,,,1,16899,
651,XeF2IF5,I4/m,87,Triv.,,NM,,HQ,1,26059,
652,(XeOF4)(XeF2),I4/m,87,Triv.,,,,HQ,1,422962,
653,B10F12,I41/a,88,Triv.,,NM,,,1,412618,
654,TlB(CN)4,I41/a,88,Triv.,,NM,,HQ,1,414564,
655,SO2F2,P41212,92,Triv.,,NM,,HQ,1,62968,
656,Pb2Cu(OH)4Cl2,P4mm,99,SM,,FM,,HQ,1,81589,
657,Cs2V3O8,P4bm,100,SM,"b,s",FM,,HQ,5,251010 430710 430711 430708 430709,
658,(H3O)2V3O8,P4bm,100,SM,,FM,,,1,421914,
659,K2(VO)(V2O7),P4bm,100,SM,"b,s",FM,,HQ,2,1925 245500,
660,Rb2(VO)(V2O7),P4bm,100,SM,"b,s",FM,,HQ,3,72285 79378 150326,
661,(NH4)2V3O8,P4bm,100,SM,,FM,,,1,201900,
662,Cs2V5O13,I4mm,107,SM,b,FM,,HQ,1,849,
663,KNa2(CuO2),I4mm,107,Triv.,b,NM,,HQ,1,47105,
664,Ta4S9Br8,I4mm,107,Triv.,b,NM,,HQ,1,171236,
665,Cu(Fe(CN)5NO),I4mm,107,SM,,FM,,HQ,1,414021,
666,(Os(NO)(NH3)4Cl)Cl2,I4mm,107,Triv.,,NM,,,1,39306,
667,K3(NO3),I4cm,108,Triv.,"b,s",NM,,,1,37204,
668,(NO)(ClF4),I4cm,108,Triv.,,NM,,HQ,1,50216,
669,Li2VO(SO4)2,I4cm,108,SM,b,,,,1,241829,
670,(NH4)(ClO2),P4̄21m,113,Triv.,,NM,,,2,26511 59921,
671,(PCl4)(ICl2),P4̄21m,113,Triv.,,NM,,,1,26594,
672,(S3N3O4)2S,P4̄21m,113,Triv.,b,NM,,,1,49015,
673,(NF4)(BF4),P4̄21m,113,Triv.,,NM,,,2,63311 68017,
674,Li(ReO2F4),P4̄21m,113,Triv.,b,NM,,HQ,1,280011,
675,CO(NH2)2,P4̄21m,113,Triv.,,NM,,HQ,14,15432 15433 16692 29364 29365 29366 40049 43490 56901 100303 100304 100305 170090 280179,
676,C10H16,P4̄21c,114,Triv.,,NM,,,1,5284,
677,(NSF)4,P4̄21c,114,Triv.,,NM,,,3,15422 18202 71039,
678,H10O8Se,P4̄21c,114,Triv.,,,,,1,404660,
679,CsLi2I3,P4̄m2,115,Triv.,b,NM,,,1,245988,
680,RbCuO,I4̄m2,119,Triv.,,NM,,HQ,2,49758 188523,
681,CsSbClF3,I4̄2m,121,Triv.,,NM,,HQ,2,28222 200296,
682,(TcBr2)(P(CH3)3)4,I4̄2m,121,SM,,FM,,,1,166912,
683,WCl2(P(CH3)3)4,I4̄2m,121,Triv.,,FM,,,1,185488,
684,MoCl2(P(CH3)3)4,I4̄2m,121,Triv.,,FM,,,1,185489,
685,Cs(NH4)2Cr(O2)4,I4̄2m,121,SM,,FM,,HQ,2,237787 261393,
686,Ba4Na(CuO4)(CO3)2,I4̄2m,121,Triv.,,NM,,HQ,2,66776 80606,
687,K3(Cr(O2)4),I4̄2m,121,SM,,FM,,HQ,5,9356 9676 23536 30404 280253,
688,K3(VO4),I4̄2m,121,Triv.,,NM,,,1,4138,
689,K3(MnO4),I4̄2m,121,Triv.,,AFM,,,1,108935,
690,K4(CO4),I4̄2m,121,Triv.,,NM,,,2,245419 245420,
691,Be(OH2)4(NO3)2,I4̄2d,122,Triv.,,NM,,,1,15858,
692,K(HC(NO)2),I4̄2d,122,Triv.,,NM,,HQ,1,170586,
693,(NH4)(H2PO4),I4̄2d,122,Triv.,b,NM,,HQ,15,28154 54776 63494 63634 84114 174048 246299 174049 174050 66204 28155 66203 66205 66206 174061,246299(s) 66204(s) 66205(s) 66206(s) 174061(s)
694,(NH4)(H2AsO4),I4̄2d,122,Triv.,b,NM,,HQ,1,200219,
695,Co(B(CN)4)2(H2O)2,I4̄2d,122,SM,,,,,1,260263,
696,Rb(H2PO4),I4̄2d,122,Triv.,b,NM,,HQ,1,69317,
697,Na5(NiO2)S,P4/mmm,123,SM,"b,s",FM,,HQ,1,412972,
698,Na5(CuO2)S,P4/mmm,123,Triv.,"b,s",NM,,HQ,1,412977,
699,(P(NH2)4)I,P4/nbm,125,Triv.,,NM,,HQ,1,74814,
700,((NH2)4P)I,P4/nbm,125,TI,,,,HQ,1,400461,
701,(P(NH2)4)Br,P4/nbm,125,Triv.,,FM,,HQ,1,410797,
702,Cs3(SiF6)F,P4/mbm,127,Triv.,,NM,,,1,9588,
703,Rb2CsSiF7,P4/mbm,127,Triv.,,NM,,,1,9592,
704,Cs3TiF7,P4/mbm,127,Triv.,,NM,,,1,9594,
705,Cs3CrF7,P4/mbm,127,Triv.,,FM,,,1,9596,
706,Rb3CrF7,P4/mbm,127,Triv.,,FM,,,1,9597,
707,Cs3(MnF6)F,P4/mbm,127,SM,,FM,,,1,9598,
708,Rb3(MnF6)F,P4/mbm,127,SM,,FM,,,1,9599,
709,K3Cl(ReF6),P4/mbm,127,SM,,FM,,,1,80170,
710,Pb2Cl2(CO3),P4/mbm,127,Triv.,,NM,,,3,4240 29113 36241,
711,Pb2Br2(CO3),P4/mbm,127,Triv.,,NM,,,2,29114 250396,
712,Cs2Li(Cr(CN)6),P4/mnc,128,SM,,FM,,,1,804,
713,Na2Cl(B(OH)4),P4/nmm,129,Triv.,,NM,,,1,32518,
714,(N(CH3)4)I,P4/nmm,129,Triv.,,NM,,,1,55080,
715,Cs(ReF8),P4/nmm,129,Triv.,,NM,,,1,410829,
716,KNaWO2F4,P4/nmm,129,Triv.,b,NM,,,1,422709,
717,KNaMoO2F4,P4/nmm,129,Triv.,b,NM,,,1,422707,
718,BaFCl,P4/nmm,129,Triv.,,NM,,,17,2350 35487 35488 35489 35490 35491 35492 35493 85319 155004 183925 201514 201515 201516 201517 201518 201519,
719,(VO)(P2SiO8),P4/ncc,130,SM,"b,s",FM,,,1,628,
720,Mo(AlP2O9),P4/ncc,130,SM,"b,s",,,,1,67221,
721,PtZn(CN)4,P42/mcm,132,Triv.,,NM,,HQ,1,169758,
722,PdZn(CN)4,P42/mcm,132,Triv.,,,,HQ,1,169759,
723,NiZn(CN)4,P42/mcm,132,Triv.,,,,HQ,1,169760,
724,Cs4K2Cu(SiO4)2,P42/mnm,136,SM,"b,s",FM,,,1,92493,
725,Li2PtF6,P42/mnm,136,Triv.,b,NM,,HQ,2,248725 165216,
726,K3NiO2,P42/mnm,136,SM,b,FM,,HQ,1,262579,
727,Cs3NiO2,P42/mnm,136,SM,b,,,HQ,1,424578,
728,Rb3NiO2,P42/mnm,136,SM,b,FM,,HQ,1,424579,
729,K2(CuCl4)(H2O)2,P42/mnm,136,SM,,FM,,,2,15943 16052,
730,(NH4)2(CuCl4)(H2O)2,P42/mnm,136,SM,,FM,,,3,23750 163014 420586,
731,Rb2CuCl4(H2O)2,P42/mnm,136,SM,,FM,,HQ,1,71867,
732,(NH4)2(Cu(H2O)2Br2)Br2,P42/mnm,136,SM,,FM,,,3,88887 88888 88889,
733,Li2(MoF6),P42/mnm,136,Triv.,b,FM,,HQ,1,74565,
734,Li2(RhF6),P42/mnm,136,SM,b,FM,,HQ,2,95778 165211,
735,Li2(PdF6),P42/mnm,136,Triv.,b,NM,,HQ,1,165212,
736,Li2(CrF6),P42/mnm,136,Triv.,b,FM,,HQ,1,418676,
737,Mg(ClO2)2(H2O)6,P42/nmc,137,Triv.,,NM,,,1,69587,
738,(CsF)2(Br2),I4/mmm,139,Triv.,,NM,,HQ,2,84021 84022,
739,Rb2Na(MnF6),I4/mmm,139,Triv.,b,FM,,,1,9708,
740,Cs2K(MnF6),I4/mmm,139,Triv.,,FM,,,3,91197 22110 91036,91197(b)
741,K2NaMnF6,I4/mmm,139,Triv.,"b,s",FM,,,1,61117,
742,Cs3(O(ReCl5)2),I4/mmm,139,SM,,FM,,HQ,1,31,
743,CsNi(CN)2Br,I4/mmm,139,TI,,,,HQ,1,380468,
744,CsNi(CN)2Cl,I4/mmm,139,TI,,,,HQ,1,380469,
745,RbNi(CN)2Br,I4/mmm,139,TI,,FM,,HQ,1,380470,
746,RbNi(CN)2Cl,I4/mmm,139,TI,,FM,,HQ,1,380471,
747,K2(OsO2Cl4),I4/mmm,139,Triv.,,NM,,HQ,2,15454 36231,
748,Cs2NiO2,I4/mmm,139,Triv.,b,AFM,,HQ,1,423923,
749,KrF2,I4/mmm,139,Triv.,,NM,,HQ,1,279623,
750,Rb(BrF4),I4/mcm,140,Triv.,,NM,,HQ,2,65713 670019,
751,Ba(C4O4),I4/mcm,140,Triv.,,NM,,HQ,1,412830,
752,Cs3(MnCl5),I4/mcm,140,SM,b,FM,,HQ,1,24,
753,Cs3FeBr5,I4/mcm,140,SM,b,FM,,,4,4065 14087 15245 16397,14087(b) 15245(b) 16397(b)
754,Cs3(CoCl4)Cl,I4/mcm,140,SM,,FM,,HQ,4,28533 16556 31032 280443,28533(b) 280443(b)
755,Cs3NiCl5,I4/mcm,140,Triv.,,FM,,HQ,1,59372,
756,Cs3CoBr5,I4/mcm,140,SM,b,FM,,HQ,1,201135,
757,SrCuF4,I4/mcm,140,SM,b,FM,,,1,9927,
758,CaCuF4,I4/mcm,140,SM,b,FM,,,1,9928,
759,SrPdF4,I4/mcm,140,Triv.,,NM,,,1,108990,
760,NaBrF4,I4/mcm,140,Triv.,b,,,,1,431176,
761,(Pd(NH3)4)(CrO4),I41/amd,141,Triv.,,NM,,,1,72997,
762,Cr(H2O)6F3(H2O)3,R3,146,SM,,FM,,,1,2379,
763,Cl3(Co(CO)4)Sn,R3,146,Triv.,,NM,,HQ,1,69685,
764,KNi(PO3)3,R3,146,SM,b,AFM,,HQ,1,91527,
765,(Cs2(SO4))(Te(OH)6),R3,146,Triv.,,,,HQ,1,93016,
766,Li3VO4(H2O)6,R3,146,Triv.,,NM,,HQ,1,174238,
767,(Mg(H2O)6)(HPO3),R3,146,Triv.,,NM,,HQ,2,74520 74521,
768,Cs2Na(Bi(SCN)6),P3̄,147,Triv.,,,,,1,79593,
769,Li2Pt(OH)6,P3̄,147,Triv.,,NM,,HQ,1,251041,
770,Na2Pt(OH)6,P3̄,147,Triv.,,NM,,HQ,1,251042,
771,Cs2Sn(OOH)6,P3̄,147,Triv.,,NM,,HQ,1,260828,
772,Ca10(PO4)6Se,P3̄,147,Triv.,,NM,,,1,410781,
773,Ba10(PO4)6S,P3̄,147,Triv.,,NM,,,1,410785,
774,Cd2(Os(CN)6),P3̄,147,Triv.,b,,,HQ,1,417821,
775,Cd2(Ru(CN)6),P3̄,147,Triv.,b,,,HQ,1,417822,
776,Te(OTeF5)6,R3̄,148,Triv.,,NM,,,1,2174,
777,C2H30MgO18S2,R3̄,148,Triv.,,NM,,,2,5391 169171,
778,(Re(CO)3I3)2Re,R3̄,148,SM,,FM,,HQ,1,15497,
779,(Co(NH3)6)(Os(SCN)6),R3̄,148,SM,,,,,1,92479,
780,(N(CH3)4)2(OsF6),R3̄,148,Triv.,,FM,,,1,151185,
781,(Cu(XeF2)6)(SbF6)2,R3̄,148,SM,,,,,1,416303,
782,Ba2Co(B3O6)2,R3̄,148,SM,b,AFM,,HQ,1,391014,
783,Co(ClO4)2,R3̄,148,SM,b,FM,,,1,33288,
784,Ni(ClO4)2,R3̄,148,Triv.,b,FM,,,1,33289,
785,(Co(H2O)6)(SiF6),R3̄,148,SM,,FM,,HQ,1,2900,
786,Zn(TiF6)(H2O)6,R3̄,148,Triv.,,NM,,HQ,2,62375 202787,
787,Co(SnF6)(H2O)6,R3̄,148,SM,,FM,,HQ,1,75984,
788,Mn(TiF6)(H2O)6,R3̄,148,SM,,AFM,,HQ,1,202786,
789,(Co(NH3)6)(Cr(CN)6),R3̄,148,SM,,FM,,,2,805 806,
790,(Co(NH3)6)(Mn(CN)6),R3̄,148,Triv.,,,,,1,260055,
791,(Co(NH3)6)(Fe(CN)6),R3̄,148,SM,,FM,,,2,411630 421507,
792,K2SrNb6Cl18,R3̄,148,Triv.,,,,HQ,1,280933,
793,Cs2Pb(NbCl3)6,R3̄,148,Triv.,,NM,,HQ,1,409544,
794,(HSiO1.5)8,R3̄,148,Triv.,"b,s",NM,,HQ,2,27154 75244,
795,K(Os(NH3)6)(ClO4)2Cl2,R3̄,148,SM,,FM,,,1,87619,
796,K(Cr(NH3)6)(ClO4)2Cl2,R3̄,148,SM,,FM,,,1,87621,
797,Rb(Ru(NH3)6)(ClO4)2Cl2,R3̄,148,SM,,FM,,,2,280492 280493,
798,Cs(Ru(NH3)6)(ClO4)2Cl2,R3̄,148,SM,,FM,,,1,280495,
799,Cs(Cr(NH3)6)(ClO4)2Cl2,R3̄,148,SM,,FM,,,1,280497,
800,Cs(Cr(NH3)6)(ClO4)2Br2,R3̄,148,SM,,FM,,,1,280499,
801,CsReF6,R3̄,148,SM,,FM,,HQ,1,201511,
802,Ba(IrF6),R3̄,148,SM,,,,HQ,1,240981,
803,Li8(IrO6),R3̄,148,SM,,FM,,HQ,1,61217,
804,CdCrF6,R3̄,148,Triv.,b,FM,,,1,10346,
805,NiSnF6,R3̄,148,SM,"b,s",FM,,,1,25015,
806,CuSnF6,R3̄,148,SM,"b,s",FM,,,1,25016,
807,CaPtF6,R3̄,148,Triv.,"b,s",NM,,,1,37443,
808,ZnPtF6,R3̄,148,Triv.,"b,s",NM,,,1,37444,
809,Cd(PtF6),R3̄,148,Triv.,"b,s",NM,,,2,37445 78906,
810,NiPtF6,R3̄,148,SM,"b,s",FM,,,2,37448 78905,
811,PdPtF6,R3̄,148,SM,"b,s",FM,,,1,64661,
812,Li(IrF6),R3̄,148,Triv.,"b,s",FM,,HQ,2,95777 165207,
813,Li(OsF6),R3̄,148,SM,"b,s",FM,,HQ,3,165206 165213 165214,
814,Li(PtF6),R3̄,148,SM,"b,s",FM,,HQ,1,165208,
815,Ca(SiF6),R3̄,148,Triv.,,,,HQ,1,183914,
816,Na(AsF6),R3̄,148,Triv.,,NM,,HQ,2,184562 184563,
817,Na2Mg(CO3)2,R3̄,148,Triv.,b,NM,,HQ,2,9518 100482,
818,AgGe2(PO4)3,R3̄,148,Triv.,b,,,,1,425869,
819,Na2Pt(IO3)6,R3̄,148,Triv.,b,,,,1,291621,
820,K2Pt(IO3)6,R3̄,148,Triv.,b,,,,1,291622,
821,Rb2Pt(IO3)6,R3̄,148,Triv.,,,,,1,291623,
822,Cs2Pt(IO3)6,R3̄,148,Triv.,,,,,1,291624,
823,KCo(Au(CN)2)3,P312,149,SM,"k∗,b",FM,,HQ,1,201056,
824,K(Ni(Au(CN)2)3),P312,149,SM,"k∗,b",FM,,,1,249724,
825,KMn(Ag(CN)2)3,P312,149,SM,"k∗,b",FM,,HQ,6,281280 262503 262504 262505 262506 262507,
826,BaCa(CO3)2,P321,150,Triv.,,NM,,HQ,1,100477,
827,CaCl2(H2O)6,P321,150,Triv.,,NM,,,2,1140 59142,
828,CaBr2(H2O)6,P321,150,Triv.,,,,,1,1141,
829,SrCl2(H2O)6,P321,150,Triv.,,,,HQ,2,48110 59143,
830,K2(S2O6),P321,150,Triv.,,NM,,HQ,3,36154 16661 82843,36154(b)
831,CaMg3(CO3)4,R32,155,Triv.,b,NM,,HQ,1,201729,
832,Sr(Al2B2O7),R32,155,Triv.,b,,,HQ,1,89423,
833,NaK(TeO3)(H2O)3,P31c,159,Triv.,,NM,,HQ,1,24781,
834,KLi(SO4),P31c,159,Triv.,b,NM,,,2,62981 71365,
835,Ca3(SiO4)O,R3m,160,Triv.,"k∗,b",NM,,HQ,2,22501 24625,
836,(V(H2O)3F3),R3m,160,SM,,AFM,,HQ,1,69571,
837,(N(CH3)3)(BH3),R3m,160,Triv.,,,,HQ,1,249799,
838,(Cl2B)3B(CO),R3m,160,Triv.,,NM,,HQ,1,280617,
839,Ba(CO3),R3m,160,Triv.,,NM,,HQ,2,158389 158390,
840,Rb4(CO4),R3m,160,Triv.,,NM,,,1,245430,
841,(NH3OH)3FeF6,R3c,161,SM,,FM,,,1,424249,
842,(CH2)3O3,R3c,161,Triv.,,NM,,HQ,2,151224 151343,
843,Ca3(C6N6O6),R3c,161,Triv.,,NM,,,1,428357,
844,LiCaNiF6,P3̄1c,163,SM,"b,s",FM,,,1,32732,
845,LiSrNiF6,P3̄1c,163,SM,"b,s",FM,,,1,32733,
846,LiCaCrF6,P3̄1c,163,SM,b,FM,,,1,73985,
847,Na3(CrCl6),P3̄1c,163,SM,b,FM,,HQ,1,62035,
848,Hg(B(CN)4)2,P3̄m1,164,Triv.,b,,,HQ,1,412297,
849,Cs2Na(TiF6),P3̄m1,164,SM,"b,s",FM,,HQ,1,67160,
850,(Hg(H2O)6)(ClO4)2,P3̄m1,164,Triv.,,NM,,HQ,1,1640,
851,(Co(H2O)6)(BrO4)2,P3̄m1,164,SM,,AFM,,HQ,1,73397,
852,K2(ReF6),P3̄m1,164,SM,k∗,FM,,HQ,1,1528,
853,K2PtF6,P3̄m1,164,Triv.,,NM,,,2,87360 16892,87360(k)
854,Cs2PtF6,P3̄m1,164,Triv.,,NM,,HQ,1,35107,
855,Rb2PtF6,P3̄m1,164,Triv.,k∗,NM,,HQ,1,35108,
856,K2(IrF6),P3̄m1,164,SM,k∗,FM,,HQ,1,95779,
857,Cs2(TcF6),P3̄m1,164,SM,,FM,,HQ,1,425912,
858,K2(TcF6),P3̄m1,164,SM,k∗,FM,,HQ,1,425914,
859,Na2(TcF6),P3̄m1,164,SM,,FM,,HQ,1,425915,
860,Rb2(TcF6),P3̄m1,164,SM,k∗,,,HQ,1,425918,
861,K2(SO3),P3̄m1,164,Triv.,,NM,,HQ,1,60762,
862,NaK3(PO3F)2,P3̄m1,164,Triv.,,,,HQ,1,1904,
863,BaNa2Co(VO4)2,P3̄m1,164,SM,"k∗,b",,,,1,429826,
864,Rb2(IrF6),P3̄m1,164,SM,k∗,FM,,HQ,1,240955,
865,Cs2(IrF6),P3̄m1,164,SM,,FM,,HQ,1,240956,
866,Os(S2Cl12),R3̄m,166,Triv.,,FM,,HQ,1,74680,
867,K4Xe3O12,R3̄m,166,Triv.,"k∗,b",,,,1,253443,
868,Cs2Na(FeF6),R3̄m,166,TI,,FM,,,2,9003 16255,"9003(b,s)"
869,Cs2NaMnF6,R3̄m,166,Triv.,"b,s",FM,,HQ,1,37006,
870,Cs2Na(NiF6),R3̄m,166,TI,"b,s",,,,1,42152,
871,Cs2Na(TiF6),R3̄m,166,Triv.,"b,s",FM,,,1,42153,
872,Cs4K(Li(FeF6)2),R3̄m,166,TI,"b,s",FM,,HQ,1,78928,
873,PbPtF6,R3̄m,166,Triv.,,NM,,,1,4057,
874,Ba(RhF6),R3̄m,166,SM,,FM,,,1,6038,
875,BaCrF6,R3̄m,166,SM,,FM,,,1,10341,
876,SrCrF6,R3̄m,166,SM,,FM,,,1,10342,
877,Sr(RhF6),R3̄m,166,SM,,FM,,,1,42158,
878,K(AuF6),R3̄m,166,Triv.,,,,HQ,1,415874,
879,K2Mg(CO3)2,R3̄m,166,Triv.,b,NM,,HQ,1,31295,
880,K(Cr(NH3)6)(ClO4)2Cl2,R3̄m,166,SM,,FM,,,1,87620,
881,K(Ru(NH3)6)(ClO4)2Cl2,R3̄m,166,SM,,FM,,,2,280489 280490,
882,O2,R3̄m,166,Triv.,,FM,SC∗,HQ,5,15535 43430 173934 190368 190369,
883,Re3Cl9,R3̄m,166,Triv.,k∗,NM,,HQ,1,14209,
884,ReCl3,R3̄m,166,Triv.,,NM,,HQ,1,62222,
885,Rb(C(CN)3),R3̄c,167,Triv.,,,,HQ,1,428450,
886,Cs(C(CN)3),R3̄c,167,Triv.,,,,HQ,1,428451,
887,((H2O)6Cr)Cl3,R3̄c,167,SM,,FM,,,1,66000,
888,(Bi5)(GaCl4)3,R3̄c,167,Triv.,"b,s",NM,,,1,81468,
889,Bi5(AlCl4)3,R3̄c,167,Triv.,"b,s",NM,,,2,201993 420082,
890,Sr3(BO3)2,R3̄c,167,Triv.,,NM,,HQ,1,93395,
891,K3(Cr(OH)6),R3̄c,167,SM,,AFM,,,1,62653,
892,Rb3(Cr(OH)6),R3̄c,167,SM,,FM,,,1,72315,
893,InSr3(NiO6),R3̄c,167,SM,"b,s",AFM,,HQ,1,81660,
894,K3NaMnCl6,R3̄c,167,SM,"b,s",FM,,HQ,1,290109,
895,Rb6Cl4O,R3̄c,167,Triv.,b,NM,,HQ,1,405193,
896,Cs6Cl4O,R3̄c,167,Triv.,"b,s",NM,,HQ,1,411634,
897,Rb6Br4O,R3̄c,167,Triv.,,NM,,HQ,1,411955,
898,Rb3B3O6,R3̄c,167,Triv.,,NM,,HQ,1,59826,
899,Cs(BO2),R3̄c,167,Triv.,,NM,,HQ,1,74888,
900,Rb3(B3S6),R3̄c,167,Triv.,,NM,,HQ,1,79615,
901,K3F(CO3),R3̄c,167,Triv.,"b,s",NM,,HQ,1,66028,
902,Rb3F(CO3),R3̄c,167,Triv.,"b,s",NM,,HQ,1,66029,
903,K3(AuSe2),R3̄c,167,Triv.,,NM,,HQ,1,402000,
904,K3SbS3(Sb2O3)3,P63,173,Triv.,"b,s",NM,,,1,4215,
905,NaPO3NH3,P63,173,Triv.,,NM,,,1,16608,
906,PS(N(CH3)NH2)3,P63,173,Triv.,,NM,,,1,189680,
907,(Sn(H2O)3)(ClO4)2,P63,173,Triv.,,NM,,,2,237716 253553,
908,Sn(SnCl)(W3Cl13),P63,173,Triv.,,NM,,,1,421915,
909,Al(IO3)3,P63,173,Triv.,"b,s",NM,,HQ,1,152758,
910,Li(IO3),P63,173,Triv.,b,NM,,,21,9508 14377 14344 35472 35473 35474 35475 35476 40358 40359 40360 40361 40362 40363 40364 40365 46025 46026 46027 80025 80026,9508(s) 14377(s) 35475(s) 40362(s) 46027(s) 80025(s) 80026(s)
911,KLi(SO4),P63,173,Triv.,b,NM,,HQ,10,20851 33251 36038 36471 48136 56106 71364 88827 88828 280391,
912,LiNa(CO3),P6̄,174,Triv.,b,NM,,,3,80459 89650 89651,
913,TcOF4,P63/m,176,SM,,FM,,,1,16143,
914,B(OTeF5)3,P63/m,176,Triv.,,NM,,,1,27200,
915,TlCu(OH)(CO3),P63/m,176,SM,"k,b",FM,,,1,74875,
916,Na(W6NCl18),P63/m,176,Triv.,b,,,,1,414409,
917,Sr5(PO4)3Cl,P63/m,176,Triv.,,NM,,,4,2089 80084 80085 253053,
918,Sr10(PO4)6F2,P63/m,176,Triv.,b,NM,,,1,163792,
919,Ca5(PO4)3Cl,P63/m,176,Triv.,,NM,,,3,184824 184825 670545,
920,B(OCH3)3,P63/m,176,Triv.,,NM,,,1,245045,
921,BaZn(CO3)F2,P63/m,176,Triv.,b,NM,,HQ,1,95739,
922,Fe2(CO)9,P63/m,176,Triv.,b,NM,,,2,6010 31030,
923,SiO2,P622,177,Triv.,"b,s",NM,,,3,170519 170520 170522,
924,CsLi(NH2)2,P6222,180,Triv.,,NM,,HQ,1,62654,
925,Ba5(ReO5)3Cl,P63cm,185,Triv.,,NM,,,1,73928,
926,Li8CoO6,P63cm,185,SM,"b,s",FM,,,1,21026,
927,BiCo3(CO)9,P63mc,186,Triv.,,,,,2,62542 66163,
928,(NH4)(In(HPO3)2),P63mc,186,Triv.,"k∗,b",,,,1,188660,
929,((CH3)4P)(FeCl4),P63mc,186,SM,k∗,FM,,,1,194586,
930,Cl4H12N3O3Re,P63mc,186,Triv.,k∗,,,,1,419767,
931,(NH4)2(SiF6),P63mc,186,Triv.,,NM,,,1,280755,
932,(NH4)2(MnF6),P63mc,186,SM,,FM,,,1,406381,
933,Rb2(MnF6),P63mc,186,SM,,,,,1,25578,
934,K2(MnF6),P63mc,186,SM,,FM,,HQ,3,60417 61275 76273,
935,Li(ClO4)(H2O)3,P63mc,186,Triv.,,NM,,HQ,5,1321 1913 1914 27730 32534,
936,SrKF(CO3),P6̄m2,187,Triv.,,NM,,HQ,1,262231,
937,SrRbF(CO3),P6̄m2,187,Triv.,,NM,,HQ,1,262233,
938,KCo(PO3)3,P6̄c2,188,SM,b,AFM,,HQ,1,193216,
939,KZn(BeF3)3,P6̄c2,188,Triv.,b,NM,,HQ,1,18022,
940,RbMgCO3F,P6̄2m,189,Triv.,b,NM,,HQ,2,670338 238611,670338(s)
941,CaRbF(CO3),P6̄2m,189,Triv.,,NM,,HQ,1,262232,
942,CaCsF(CO3),P6̄2m,189,Triv.,,,,HQ,1,262234,
943,K2(HfF6),P6̄2m,189,Triv.,,NM,,,1,47246,
944,N2O5,P63/mmc,194,Triv.,,NM,,,1,30638,
945,N2O5,P63/mmc,194,SM,,NM,,,1,30639,
946,K6(BiCl6)Cl2(H3F4),P63/mmc,194,Triv.,k,NM,,,1,68226,
947,K4(O3(IO3)2),P63/mmc,194,Triv.,"b,s",NM,,,1,25694,
948,(K2(SiF6))(K(NO3)),P63/mmc,194,Triv.,,NM,,HQ,2,159390 417735,
949,Cs(NiF3),P63/mmc,194,SM,"b,s",FM,,,2,15092 61278,
950,Cs2Ni2F6,P63/mmc,194,SM,"b,s",FM,,,1,410394,
951,Rb3((OsBr3)2Br3),P63/mmc,194,Triv.,k∗,NM,,,1,56896,
952,He,P63/mmc,194,Triv.,,NM,,,4,43426 44394 44396 426943,
953,K2(CO3),P63/mmc,194,Triv.,,NM,,,1,52535,
954,Na2(CO3),P63/mmc,194,Triv.,,NM,,,7,81007 81008 81009 81010 81011 81012 81013,
955,Cs3(Mo2O7)Br,P63/mmc,194,Triv.,,,,HQ,1,260595,
956,PF5,P63/mmc,194,Triv.,k∗,NM,,,1,62554,
957,AsF5,P63/mmc,194,Triv.,k∗,NM,,,1,65477,
958,K2Pb(Cu(NO2)6),F23,196,SM,,FM,,,1,36135,
959,Bi12MnO20,I23,197,SM,b,FM,,,1,75079,
960,Bi24Mn2O40,I23,197,SM,b,FM,,,1,75390,
961,Ba(NO3)2,P213,198,Triv.,,,,,1,34902,
962,CsXeF7,P213,198,Triv.,,NM,,,1,404986,
963,NH3,P213,198,Triv.,,NM,,,0,,
964,Na(ClO3),P213,198,Triv.,,NM,,,24,638341 29321 84461 300149 1117 1301 16714 22395 26684 28830 31121 31167 31168 80337 80338 80339 80340 80341 1302 22396 28831 30208 47174 31166,1302(b) 30208(b) 47174(b)
965,Na(BrO3),P213,198,Triv.,,NM,,HQ,0,,
966,Tl(Co(CO)4),P213,198,Triv.,,NM,,,3,6011 31361 31362,
967,Tl(Fe(CO)3(NO)),P213,198,Triv.,,NM,,,1,66317,
968,K2Pb(Ni(NO2)6),Fm3̄,202,SM,,FM,,HQ,1,1937,
969,Cs2PbCu(NO2)6,Fm3̄,202,SM,,FM,,HQ,2,2381 56254,
970,K2Pb(Cu(NO2)6),Fm3̄,202,SM,,FM,,HQ,3,16127 26228 26749,
971,K2Ca(Ni(NO2)6),Fm3̄,202,SM,,FM,,,1,26748,
972,N2O4,Im3̄,204,Triv.,,NM,,,5,52347 29047 201140 201141 201142,
973,CaCu3Ge4O12,Im3̄,204,SM,"k,b",FM,,,2,1303 184279,
974,CaCu3(Sn4O12),Im3̄,204,SM,"k,b",FM,,HQ,2,162100 184281,
975,SrCu3(Sn4O12),Im3̄,204,SM,"k,b",FM,,HQ,1,162101,
976,PbCu3(Sn4O12),Im3̄,204,SM,"k,b",FM,,HQ,1,162102,
977,Cs(NO3),Pa3̄,205,Triv.,,NM,,,1,35555,
978,(IF6)(AsF6),Pa3̄,205,Triv.,,NM,,,1,249129,
979,N,Pa3̄,205,Triv.,,NM,,,1,426956,
980,N2,Pa3̄,205,Triv.,,NM,,,3,15472 26482 28179,
981,NaO2,Pa3̄,205,SM,,FM,,,2,26582 87178,
982,Ba(NO3)2,Pa3̄,205,Triv.,,NM,,,5,35495 52353 95594 95595 109281,
983,(O2)(SbF6),Ia3̄,206,SM,,FM,,,1,78849,
984,K(SbF6),Ia3̄,206,Triv.,,NM,,,2,76422 76653,
985,Li2NiGe3O8,P4332,212,SM,"k∗,b",FM,,,1,68339,
986,Cs3(Mo4O4)(PO4)3,P4̄3m,215,Triv.,"k,b",FM,,HQ,1,62225,
987,K4(CO4),P4̄3m,215,Triv.,,NM,,,1,245417,
988,Rb4(CO4),P4̄3m,215,Triv.,,NM,,,1,245429,
989,LiCo(CO)4,P4̄3m,215,Triv.,,NM,,HQ,1,30854,
990,Ag(B(CN)4),P4̄3m,215,Triv.,,NM,,HQ,1,411179,
991,Ba(SO4),F4̄3m,216,Triv.,"k∗,p∗",NM,,,2,23743 62368,
992,SrSO4,F4̄3m,216,Triv.,"k∗,p∗",NM,,,1,23744,
993,K(ClO4),F4̄3m,216,Triv.,"k∗,p∗",NM,,,1,33562,
994,Tl(ClO4),F4̄3m,216,Triv.,"k∗,p∗",NM,,,1,33564,
995,Cs(ClO4),F4̄3m,216,Triv.,"k∗,p∗",NM,,,1,33566,
996,Na(ClO4),F4̄3m,216,Triv.,"k∗,p∗",NM,,,1,33567,
997,Ag(ClO4),F4̄3m,216,Triv.,"k∗,p∗",NM,,,1,33568,
998,CsFe(H2O)6PO4,F4̄3m,216,Triv.,,FM,,HQ,1,172377,
999,Cs(Mg(H2O)6)(AsO4),F4̄3m,216,Triv.,,NM,,HQ,1,260150,
1000,Cs(Mg(H2O)6)(PO4),F4̄3m,216,Triv.,,NM,,HQ,1,281563,
1001,CsNi(Cr(CN)6),F4̄3m,216,SM,,,,,1,56603,
1002,KI,F4̄3m,216,Triv.,,,,,1,674991,
1003,NaF,F4̄3m,216,Triv.,,,,,1,674994,
1004,RbI,F4̄3m,216,Triv.,,,,,1,674999,
1005,(Zn(NH3)4)(ClO4)2,F4̄3m,216,Triv.,,NM,,HQ,1,74790,
1006,(Zn(NH3)4)(MnO4)2,F4̄3m,216,Triv.,,NM,,,1,162384,
1007,(Ru(CO)3)4Se4,I4̄3m,217,Triv.,,NM,,,1,92913,
1008,(Li(NH3)4)3(AsSe4),I4̄3m,217,Triv.,k,NM,,,1,409539,
1009,K3(BiO3),I4̄3m,217,Triv.,b,NM,,HQ,1,407293,
1010,Ca8(Al12O24)S2,I4̄3m,217,Triv.,"b,s",NM,,HQ,1,67589,
1011,Sr8(Al12O24)S2,I4̄3m,217,Triv.,"b,s",NM,,HQ,1,67590,
1012,Sr8(AlO2)12Te2,I4̄3m,217,Triv.,"b,s",NM,,HQ,1,82609,
1013,Na8(Al6Ge6O24)I2,P4̄3n,218,Triv.,"b,s",NM,,,2,65666 85349,
1014,Na8(Al6Si6O24)I2,P4̄3n,218,Triv.,"b,s",NM,,,2,68960 71434,
1015,Li8Br2(Be6P6O24),P4̄3n,218,Triv.,"b,s",NM,,,1,80472,
1016,Li8(GaSiO4)6Br2,P4̄3n,218,Triv.,"b,s",NM,,,1,87988,
1017,Li8(GaSiO4)6I2,P4̄3n,218,Triv.,"b,s",NM,,,1,87989,
1018,Li8(AlGeO4)6Br2,P4̄3n,218,Triv.,b,NM,,,1,87991,
1019,Li8(AlGeO4)6I2,P4̄3n,218,Triv.,b,NM,,,1,87992,
1020,Mg3(B7O13Cl),F4̄3c,219,Triv.,"k,b",NM,,,2,30351 30615,30351(s)
1021,(Si5Cl12)(SiCl4),F4̄3c,219,Triv.,,NM,,,1,2767,
1022,YF3,Pm3̄m,221,Triv.,k,NM,,,1,15961,
1023,LaF3,Fm3̄m,225,Triv.,,NM,,,2,164054 167556,
1024,Cs2Li(Fe(CN)6),Fm3̄m,225,SM,,FM,,HQ,6,1000 1001 10179 60540 60541 60542,
1025,Cs2Li(Cr(CN)6),Fm3̄m,225,SM,,FM,,,2,6085 68068,
1026,Cs2MgFe(CN)6,Fm3̄m,225,Triv.,,NM,,,1,6086,
1027,Cs2LiIr(CN)6,Fm3̄m,225,Triv.,,NM,,,1,9032,
1028,Cs2LiMn(CN)6,Fm3̄m,225,Triv.,,FM,,HQ,2,10180 68067,
1029,Cs2Li(Co(CN)6),Fm3̄m,225,Triv.,,NM,,HQ,4,10181 23204 60538 60539,
1030,MnCs2(Fe(CN)6),Fm3̄m,225,SM,,FM,,HQ,1,151695,
1031,CdCs2(Fe(CN)6),Fm3̄m,225,Triv.,,NM,,HQ,1,151696,
1032,NiCs2(Fe(CN)6),Fm3̄m,225,SM,,FM,,HQ,1,151706,
1033,Cs2Co(Fe(CN)6),Fm3̄m,225,SM,,,,HQ,1,416443,
1034,Rb2NaFeF6,Fm3̄m,225,SM,b,FM,,,3,4030 40966 42146,"4030(k,s) 40966(k,s)"
1035,Cs2KMoF6,Fm3̄m,225,SM,b,FM,,,1,4053,
1036,Cs2K(RhF6),Fm3̄m,225,Triv.,,NM,,,1,4056,
1037,K3MoF6,Fm3̄m,225,SM,b,FM,,HQ,1,4403,
1038,Cs2K(TiF6),Fm3̄m,225,SM,,FM,,,2,6035 67146,
1039,Cs2Tl(FeF6),Fm3̄m,225,SM,,FM,,,1,6036,
1040,Cs2K(CoF6),Fm3̄m,225,Triv.,,NM,,,1,6037,
1041,Cs2K(NiF6),Fm3̄m,225,SM,,FM,,,1,6039,
1042,Rb2K(FeF6),Fm3̄m,225,SM,,FM,,,3,9001 40967 42145,
1043,Cs2NaBiF6,Fm3̄m,225,Triv.,"k∗,b,s",NM,,,1,9382,
1044,Rb2NaBiF6,Fm3̄m,225,Triv.,"k∗,b,s",NM,,,1,9386,
1045,Cs2KCrF6,Fm3̄m,225,SM,,FM,,,1,9705,
1046,Rb2NaCrF6,Fm3̄m,225,SM,"k∗,b,s",FM,,,1,9706,
1047,Rb2K(CrF6),Fm3̄m,225,SM,b,FM,,,1,9707,
1048,Cs2TlMoF6,Fm3̄m,225,SM,b,FM,,,1,15772,
1049,KRb2MoF6,Fm3̄m,225,SM,b,FM,,,1,15773,
1050,K2NaMoF6,Fm3̄m,225,SM,"k∗,b,s",FM,,,1,15777,
1051,Cs2K(AgF6),Fm3̄m,225,SM,"k∗,b,s",FM,,,1,16783,
1052,K2NaCrF6,Fm3̄m,225,SM,"k∗,b,s",FM,,,2,22199 40965,
1053,K2Na(FeF6),Fm3̄m,225,SM,"k∗,b,s",FM,,,2,22200 61277,
1054,Rb2KRhF6,Fm3̄m,225,Triv.,b,NM,,,1,27339,
1055,Rb2NaRhF6,Fm3̄m,225,Triv.,"k∗,b,s",NM,,,1,27341,
1056,K2NaRhF6,Fm3̄m,225,Triv.,"k∗,b,s",NM,,,1,27342,
1057,Cs2TlVF6,Fm3̄m,225,SM,,FM,,,1,27343,
1058,Cs2KVF6,Fm3̄m,225,SM,,FM,,,1,27344,
1059,Rb2KVF6,Fm3̄m,225,SM,b,FM,,,1,27345,
1060,Cs2NaMnF6,Fm3̄m,225,Triv.,b,FM,,,1,37005,
1061,Rb2K(TiF6),Fm3̄m,225,SM,b,FM,,,2,42142 67147,
1062,Rb2Na(TiF6),Fm3̄m,225,SM,"k∗,b,s",FM,,,1,42143,
1063,Cs2K(FeF6),Fm3̄m,225,SM,,FM,,,1,42144,
1064,Rb2K(NiF6),Fm3̄m,225,SM,b,FM,,,1,42149,
1065,Tl3(TiF6),Fm3̄m,225,SM,"k∗,b,s",FM,,,1,42154,
1066,Cs2K(CuF6),Fm3̄m,225,SM,,FM,,HQ,1,59102,
1067,Cs2NaFeF6,Fm3̄m,225,SM,b,FM,,HQ,1,65503,
1068,Cs2KMnF6,Fm3̄m,225,Triv.,,FM,,HQ,1,91037,
1069,K2NaVF6,Fm3̄m,225,SM,"k∗,b,s",FM,,,1,186883,
1070,(NH4)2Na(CrF6),Fm3̄m,225,SM,k∗,FM,,,1,418735,
1071,(NH4)2Na(FeF6),Fm3̄m,225,SM,k∗,FM,,HQ,1,418736,
1072,Rb2CoF6,Fm3̄m,225,SM,,FM,,,1,9701,
1073,Cs2CoF6,Fm3̄m,225,SM,,FM,,,1,9702,
1074,Rb2(MnF6),Fm3̄m,225,SM,,FM,,,3,25579 47207 202536,
1075,Cs2SiF6,Fm3̄m,225,Triv.,,NM,,,2,26871 38548,
1076,Rb2(PdF6),Fm3̄m,225,Triv.,,NM,,,1,28675,
1077,Rb2(CrF6),Fm3̄m,225,SM,,FM,,,1,29006,
1078,Cs2(CrF6),Fm3̄m,225,SM,,FM,,,1,29007,
1079,K2SiF6,Fm3̄m,225,Triv.,,NM,,HQ,4,29407 38546 64763 73722,
1080,Cs2(GeF6),Fm3̄m,225,Triv.,,NM,,,1,35547,
1081,Rb2(SiF6),Fm3̄m,225,Triv.,,NM,,,1,38547,
1082,Cs2(MnF6),Fm3̄m,225,SM,,FM,,,2,47201 76272,
1083,K2(MnF6),Fm3̄m,225,SM,k∗,FM,,,1,47213,
1084,Rb2(GeF6),Fm3̄m,225,Triv.,,NM,,HQ,1,68982,
1085,Cs2(IrCl6),Fm3̄m,225,SM,k∗,FM,,HQ,1,69142,
1086,Cs2(PtF6),Fm3̄m,225,Triv.,,NM,,HQ,1,78955,
1087,Sr2OsH6,Fm3̄m,225,Triv.,k∗,NM,,,1,638409,
1088,Na6MnCl8,Fm3̄m,225,SM,"k,b",FM,,HQ,1,1845,
1089,Li6FeCl8,Fm3̄m,225,Triv.,"k,b",FM,,HQ,1,73217,
1090,Li6VCl8,Fm3̄m,225,SM,"k,b",FM,,,1,100834,
1091,Na6O(SO4)2,Fm3̄m,225,Triv.,k∗,NM,,HQ,1,411442,
1092,KF,Fm3̄m,225,Triv.,,NM,,,7,52241 53824 64686 671925 673325 673985 674974,
1093,CsCl,Fm3̄m,225,Triv.,,NM,,,3,52274 61515 674969,
1094,RbF,Fm3̄m,225,Triv.,,NM,,,3,53828 673989 674982,
1095,Na(MoF6),Fm3̄m,225,SM,,FM,,,2,27484 31033,
1096,Na(PF6),Fm3̄m,225,Triv.,,NM,,HQ,1,90615,
1097,Na(AsF6),Fm3̄m,225,Triv.,,NM,,HQ,2,184564 184565,
1098,SiO2,Fd3̄m,227,Triv.,"b,s",NM,,,6,35536 77458 170476 77459 77460 162620,"35536(k,p) 77458(k,p) 77459(k,p) 77460(k,p) 162620(k,p)"
1099,K2Cd(CN)4,Fd3̄m,227,Triv.,"k,p,b",NM,,,2,23994 168524,
1100,Mg2Na6(CO3)4Br2,Fd3̄m,227,Triv.,"k,p",NM,,,1,27791,
1101,Nb6F15,Im3̄m,229,SM,"b,s",NM,,,2,25769 415950,
1102,SF6,Im3̄m,229,Triv.,,NM,,HQ,3,63362 252619 252620,
