num,formula,space_group_symbol,space_group_number,topology_at_Ef,sublattices,magnetic,superconductor,high_quality,n_icsd,icsd_ids,icsd_extra_sublattice_labels,is_top_candidate,best_figure
2,AgBrO2,P1,1,Triv.,,,,,1,670051,,yes,Fig.26
4,AgHO2,P1,1,Triv.,,,,,1,670060,,yes,Fig.26
12,Cu(F(AuF4)),P1̄,2,SM,"b,s",FM,,,1,62544,,yes,Fig.26
15,Cu3Bi4V2O14,P1̄,2,SM,"b,s",FM,,HQ,1,75222,,yes,Fig.26
18,Na2(Cu2Si4O11)(H2O)2,P1̄,2,Triv.,"b,s",FM,,HQ,2,154123 414048,,yes,Fig.26
75,NbOI2,C2,5,Triv.,"b,s",NM,,HQ,1,36255,,yes,Fig.26
76,NbOBr2,C2,5,Triv.,"b,s",NM,,HQ,1,416669,,yes,Fig.26
92,CrAuTe4,P2/m,10,SM,,FM,,HQ,1,150279,,yes,Fig.27
105,Ba2(Co2F7Cl),P21/m,11,Triv.,"b,s",FM,,HQ,1,79479,,yes,Fig.27
106,Ba2Ni2F7Cl,P21/m,11,Triv.,"b,s",FM,,HQ,1,84782,,yes,Fig.27
115,MoV2O8,C2/m,12,TI,b,NM,,,1,28471,,yes,Fig.27
118,(Sr2CoO3),C2/m,12,SM,,FM,,,1,99894,,yes,Fig.27
119,Cr3O8,C2/m,12,TI,b,FM,,,1,155847,,yes,Fig.27
141,K2Na(Ag(CN)2)3,C2/m,12,Triv.,"k∗,b",NM,,HQ,0,,,yes,Fig.27
149,Y5Mo2O12,C2/m,12,SM,b,FM,,HQ,2,60957 62215,,yes,Fig.27
150,K(H2PO4),P2/c,13,Triv.,,NM,,HQ,1,79341,,yes,Fig.28
167,KAgAsS2,P21/c,14,Triv.,,,,,1,431760,,yes,Fig.28
194,PbPd2O4,C2/c,15,Triv.,b,NM,,HQ,1,263050,,yes,Fig.28
209,YCu2O4,C2/c,15,SM,"b,s",,,HQ,1,83493,,yes,Fig.28
241,BaZnF4,Cmc21,36,Triv.,"b,s",,,,0,,,yes,Fig.28
258,Bi2(CO3)O2,Imm2,44,Triv.,,NM,,HQ,2,94740 252588,,yes,Fig.28
261,Ba4In6O13,Iba2,45,Triv.,b,NM,,,1,72887,,yes,Fig.28
266,LaBa2Cu3O7,Pmmm,47,TI,"b,s",NM,,,1,81167,,yes,Fig.29
305,MnS2,Pnnm,58,SM,,FM,,,1,643441,,yes,Fig.29
309,CoCu2O3,Pmmn,59,SM,,FM,,HQ,1,33996,,yes,Fig.29
341,Li(VO)(AsO4),Pnma,62,SM,b,FM,,,1,90991,,yes,Fig.29
367,Na2Ni(HPO3)2,Pnma,62,Triv.,b,FM,,,1,247564,,yes,Fig.29
377,Na(NiF3),Pnma,62,Triv.,b,FM,,,18,8150 84608 84609 84610 174118 9008 25533 72319 192140 192142 192144 200062 50388 51285 41280 73759 73760 73761,"50388(b,s) 51285(b,s) 73759(b,s) 73760(b,s) 73761(b,s)",yes,Fig.29
394,BaVS3,Cmcm,63,SM,k∗,,,HQ,1,63228,,yes,Fig.29
403,NiSO4,Cmcm,63,Triv.,b,AFM,,,3,16691 16741 33737,,yes,Fig.29
404,Ni(SeO4),Cmcm,63,Triv.,b,FM,,,1,25700,,yes,Fig.30
440,Na(IO3),Cmmm,65,TI,NM,,,,1,33664,,yes,"Fig.30(k∗,b,s,l∗)"
485,K2(MnS2),Ibam,72,SM,"b,s",FM,,HQ,1,65453,,yes,Fig.30
486,Rb2(MnS2),Ibam,72,SM,"b,s",AFM,,HQ,1,65454,,yes,Fig.30
487,Cs2(MnS2),Ibam,72,SM,"b,s",FM,,HQ,1,65455,,yes,Fig.30
488,K2(MnSe2),Ibam,72,SM,"b,s",FM,,HQ,1,65456,,yes,Fig.30
489,Rb2(MnSe2),Ibam,72,SM,"b,s",FM,,HQ,1,65457,,yes,Fig.30
490,Cs2(MnSe2),Ibam,72,SM,"b,s",FM,,HQ,1,65458,,yes,Fig.31
491,Rb2(MnTe2),Ibam,72,SM,"b,s",FM,,HQ,1,65460,,yes,Fig.31
492,Cs2(MnTe2),Ibam,72,SM,"b,s",FM,,HQ,1,65461,,yes,Fig.31
541,Sr2Ni(WO6),I4/m,87,Triv.,"b,s",AFM,,HQ,3,91791 153327 190591,,yes,Fig.32
542,Ba2(FeWO6),I4/m,87,Triv.,"k∗,b,s",AFM,,HQ,0,,,yes,Fig.32
544,Sr2(FeMoO6),I4/m,87,Triv.,"b,s",FM,,HQ,9,166816 172212 193690 248460 247539 248461 248462 248463 248464,248460(k),yes,Fig.32
545,Sr2(FeReO6),I4/m,87,SM,"b,s",FM,,HQ,1,150702,,yes,Fig.31
546,Sr2Mg(WO6),I4/m,87,Triv.,"b,s",NM,,HQ,12,151703 152574 155306 155307 155308 155309 155310 168463 152440 152441 152442 152443,,yes,Fig.32
548,Sr2(CoMoO6),I4/m,87,SM,"b,s",FM,,HQ,3,153544 153545 153546,,yes,Fig.31
552,Sr2CoReO6,I4/m,87,TI,"b,s",AFM,,HQ,1,173488,,yes,Fig.31
554,Sr2MgMoO6,I4/m,87,Triv.,"b,s",NM,,HQ,1,187662,,yes,Fig.32
555,Sr2MnMoO6,I4/m,87,SM,"b,s",FM,,HQ,1,187669,,yes,Fig.31
556,Sr2CoWO6,I4/m,87,SM,"b,s",AFM,,,2,190593 245470,,yes,Fig.31
557,Sr2CoNbO6,I4/m,87,Triv.,"b,s",,,,1,192327,,yes,Fig.32
562,PbPd2O4,I41/a,88,Triv.,b,NM,,HQ,1,263049,,yes,Fig.32
591,La1Mn1O3,P4mm,99,Triv.,,,,,1,673198,,yes,"Fig.32(k∗,b,s,l∗)"
597,(VO)3(AsO3)2,P4bm,100,SM,b,FM,,HQ,1,424067,,yes,Fig.33
671,MnRh2Sb,P4/mmm,123,SM,,FM,,,1,76202,,yes,Fig.33
728,SiO2,P4/nbm,125,TI,"b,s",NM,,,1,170538,,yes,Fig.33
739,Cs3(GeF7),P4/mbm,127,Triv.,,NM,,HQ,1,202917,,yes,Fig.33
757,WO3,P4/nmm,129,Triv.,"b,s",NM,,,5,27961 27962 89092 88367 673313,27961(l) 27962(l) 88367(k) 673313(k),yes,Fig.33
904,Cu(As2O4),P42/mbc,135,SM,b,FM,,HQ,2,4287 16829,,yes,Fig.33
923,MnO2,P42/mnm,136,SM,b,AFM,,HQ,0,,,yes,Fig.33
931,Ni(Ta2O6),P42/mnm,136,Triv.,b,FM,,HQ,2,61198 247807,,yes,Fig.34
933,Cu(Ta2O6),P42/mnm,136,SM,b,FM,,,1,83367,,yes,Fig.34
951,Al3V,I4/mmm,139,SM,,NM,SC,,0,,,yes,Fig.34
966,Co2KS2,I4/mmm,139,SM,,FM,,,1,623956,,yes,Fig.34
970,Sr3(Co2O5Cl2),I4/mmm,139,TI,"b,s",FM,,HQ,2,90123 91749,,yes,Fig.34
977,Sr2FeMoO6,I4/mmm,139,Triv.,"b,s",,,,4,169377 94079 151617 184911,169377(k),yes,Fig.35
978,Ba2(FeReO6),I4/mmm,139,SM,"k∗,b,s",FM,,HQ,1,155174,,yes,Fig.34
979,Sr2VZrO6,I4/mmm,139,SM,"k∗,b,s",FM,,,1,191359,,yes,Fig.34
980,Sr2VHfO6,I4/mmm,139,SM,"k∗,b,s",FM,,,1,191360,,yes,Fig.34
984,Ba2Fe(MoO6),I4/mmm,139,Triv.,"k∗,b,s",FM,,HQ,4,246541 246542 246543 246544,,yes,Fig.35
989,Cs2AgF4,I4/mmm,139,SM,"b,s,l",FM,,,1,16254,,yes,Fig.35
996,Rb2CaH4,I4/mmm,139,Triv.,"b,s,l",NM,,,1,65196,,yes,Fig.35
997,K2MgH4,I4/mmm,139,Triv.,"b,s,l",NM,,,1,68358,,yes,Fig.35
1001,Cs2MgH4,I4/mmm,139,Triv.,"b,s,l",NM,,,1,162261,,yes,Fig.35
1012,Pd3Tl,I4/mmm,139,SM,,NM,,,1,105729,,yes,Fig.35
1013,InPd3,I4/mmm,139,SM,,NM,,,3,247194 247195 420250,,yes,Fig.35
1022,Rb3YF6,I4/mmm,139,Triv.,,NM,,,1,19077,,yes,Fig.36
1031,(SrO)3(TiO2)2,I4/mmm,139,Triv.,"b,s,l∗",NM,,,3,20294 34629 63704,,yes,Fig.36
1037,LaCo2B2,I4/mmm,139,SM,,NM,,HQ,23,10462 85890 85891 85892 619210 23653 55298 602345 613409 613423 41787 55297 181185 182572 182573 423045 613135 44667 181768 181769 188326 600299 641030,,yes,Fig.36
1039,CaRh2P2,I4/mmm,139,TI,,NM,SC,HQ,1,50185,,yes,Fig.36
1041,LaCo2Si2,I4/mmm,139,SM,,NM,,,2,52999 90777,,yes,Fig.36
1043,LaRh2Ge2,I4/mmm,139,SM,,NM,,,3,55926 81759 636847,,yes,Fig.36
1060,Al8Fe4Y,I4/mmm,139,SM,,FM,,,5,57842 240140 240141 607728 607735,,yes,Fig.37
1063,Al8Fe4Hf,I4/mmm,139,TI,,FM,,,1,607535,,yes,Fig.36
1064,Al8Fe4Zr,I4/mmm,139,TI,,FM,,,1,607756,,yes,Fig.36
1069,FeSn2,I4/mcm,140,SM,,FM,SC,,15,24570 102800 103636 247483 409909 604017 633753 633760 633761 24571 102799 171198 247482 643736 643742,,yes,Fig.37
1072,FeGe2,I4/mcm,140,SM,,FM,SC,,7,42519 77313 195131 631984 631999 632023 632024,,yes,Fig.37
1079,Ca5Ge3,I4/mcm,140,SM,,NM,,,3,42139 93704 181074,,yes,Fig.37
1080,Ca5Si3,I4/mcm,140,SM,,NM,,HQ,1,93699,,yes,Fig.37
1091,Sr(ZrO3),I4/mcm,140,Triv.,"b,s",NM,,HQ,19,1522 89356 89357 89358 89359 89360 89362 89363 89361 89364 188451 290620 674924 56718 182762 182247 182763 182764 248380,89362(l) 89363(l) 89364(l) 56718(l) 182762(l) 182763(l) 182764(l) 248380(l),yes,Fig.37
1104,Li3(BN2),I41/amd,141,Triv.,"b,s",NM,,HQ,2,155126 155127,,yes,Fig.37
1118,CsFe(MoO4)2,P3̄,147,SM,"b,s",FM,,,1,191592,,yes,Fig.38
1120,RbAg2Fe(VO4)2,P3̄,147,SM,"b,s",AFM,,HQ,2,194588 194589,,yes,Fig.38
1122,Zn(ReO4)2,P3̄,147,Triv.,"b,s",NM,,,1,51017,,yes,Fig.38
1126,Mn(TiO3),R3̄,148,TI,b,AFM,,HQ,3,60006 171579 184649,,yes,Fig.38
1131,Pb3Ga2Ge4O14,P321,150,Triv.,"b,s",NM,,HQ,1,250123,,yes,Fig.38
1162,K2Na(Ag(CN)2)3,P3̄1m,162,Triv.,"k,b",NM,,HQ,1,65699,,yes,Fig.38
1167,Cd(Sb2O6),P3̄1m,162,Triv.,b,NM,,HQ,1,71028,,yes,Fig.38
1173,K(Ag(CN)2),P3̄1c,163,Triv.,"k∗,b",NM,,,1,30275,,yes,Fig.38
1178,Ti3O,P3̄1c,163,SM,"b,s",,,,2,20041 24082,,yes,Fig.39
1182,POF3,P3̄m1,164,Triv.,,,,HQ,1,250498,,yes,Fig.39
1203,Na2(SO4),P3̄m1,164,SM,,FM,,,1,27955,,yes,Fig.39
1206,Ca2(GeO4),P3̄m1,164,Triv.,"k∗,b",NM,,,1,182051,,yes,Fig.39
1207,Ca2(SiO4),P3̄m1,164,Triv.,"k∗,b",NM,,,1,182052,,yes,Fig.39
1209,RbIn(WO4)2,P3̄m1,164,Triv.,"k∗,b",NM,,,1,24859,,yes,Fig.40
1212,KFe(MoO4)2,P3̄m1,164,SM,"k∗,b,s",AFM,,HQ,1,153864,,yes,Fig.39
1215,RbFe(MoO4)2,P3̄m1,164,SM,"k∗,b,s",FM,,,2,245665 250409,,yes,Fig.39
1216,CsFe(MoO4)2,P3̄m1,164,SM,"k∗,b,s",FM,,HQ,1,260887,,yes,Fig.39
1236,K2Pt3PtS6,R3̄m,166,Triv.,"k∗,b",NM,,,1,40062,,yes,Fig.40
1246,Ba2NiTeO6,R3̄m,166,TI,"k∗,b,s",AFM,,,1,25005,,yes,Fig.40
1248,Cs9Ni9F27,R3̄m,166,TI,"k,b,s",FM,,HQ,1,410393,,yes,Fig.40
1255,Cu3Zn(OH)6Cl2,R3̄m,166,SM,"k,b",FM,,HQ,1,425834,,yes,Fig.40
1265,Ca2NCl,R3̄m,166,Triv.,b,NM,,HQ,2,62555 153101,,yes,Fig.40
1266,Ca2NBr,R3̄m,166,Triv.,b,NM,,HQ,2,62556 153105,,yes,Fig.40
1280,Mg2Ni3Si,R3̄m,166,TI,k,NM,,,1,44926,,yes,Fig.40
1282,Mg2Ni3P,R3̄m,166,SM,k,NM,,HQ,1,72409,,yes,Fig.41
1289,K4ZnP2,R3̄m,166,Triv.,,NM,,HQ,1,67261,,yes,Fig.41
1290,K4HgP2,R3̄m,166,Triv.,b,NM,,HQ,1,67263,,yes,Fig.41
1291,K4(BeP2),R3̄m,166,Triv.,b,NM,,HQ,1,300110,,yes,Fig.41
1292,K4(BeAs2),R3̄m,166,Triv.,,NM,,HQ,1,300111,,yes,Fig.41
1293,K4(CdAs2),R3̄m,166,Triv.,b,NM,,HQ,1,300190,,yes,Fig.41
1294,K4(HgAs2),R3̄m,166,Triv.,,NM,,HQ,1,402573,,yes,Fig.41
1295,K4ZnAs2,R3̄m,166,Triv.,,NM,,HQ,1,409919,,yes,Fig.41
1296,Na2(Ti3Cl8),R3̄m,166,TI,"k,b",FM,,HQ,1,401026,,yes,Fig.42
1300,Nb3Br8,R3̄m,166,Triv.,,NM,,HQ,2,25766 421609,,yes,Fig.42
1301,Nb3I8,R3̄m,166,Triv.,,NM,,HQ,1,25767,,yes,Fig.42
1302,Co3Sn2S2,R3̄m,166,SM,"k,b,s",FM,,,11,5435 173760 173761 173762 173763 173764 195422 196310 426752 426753 624867,,yes,Fig.42
1304,Co3InSnS2,R3̄m,166,Triv.,"k,b,s",NM,,,2,5437 425136,,yes,Fig.42
1306,Rh3InPbS2,R3̄m,166,SM,"k,b,s",NM,,,2,5440 640213,,yes,Fig.42
1310,Rh3Sn2S2,R3̄m,166,SM,"k,b,s",NM,,HQ,1,420728,,yes,Fig.42
1312,InSnCo3S2,R3̄m,166,SM,"k,b,s",,,HQ,1,425137,,yes,Fig.42
1317,B12P2,R3̄m,166,Triv.,,NM,,HQ,1,62748,,yes,Fig.43
1318,B12As2,R3̄m,166,Triv.,,NM,,,1,62749,,yes,Fig.43
1319,B6As,R3̄m,166,Triv.,,NM,,HQ,2,68151 107916,,yes,Fig.43
1320,B6P,R3̄m,166,Triv.,,NM,,,2,615156 615157,,yes,Fig.43
1325,TlGaO2,R3̄m,166,Triv.,"k,b,s",,,,1,33579,,yes,Fig.43
1345,Sr3(PbNiO6),R3̄c,167,Triv.,b,AFM,,HQ,6,152589 152590 152588 152591 152592 152593,152589(s) 152590(s) 152591(s) 152592(s) 152593(s),yes,Fig.43
1365,La3AlTiS7,P63,173,SM,b,FM,,,1,608322,,yes,Fig.43
1366,La3AlVS7,P63,173,SM,b,FM,,,1,608323,,yes,Fig.43
1368,KAl(SiO4),P63,173,Triv.,"b,s",NM,,HQ,1,34350,,yes,Fig.44
1370,BaZn(BO3)F,P6̄,174,Triv.,b,NM,,HQ,2,248042 429814,,yes,Fig.44
1376,Mg3F3(BO3),P63/m,176,Triv.,b,,,HQ,1,4226,,yes,Fig.44
1378,NaCs2(C2N3)3,P63/m,176,Triv.,,NM,,,1,407809,,yes,Fig.44
1414,TlSbO3,P6322,182,Triv.,"b,s",NM,,,1,10142,,yes,Fig.44
1415,SiO2,P6322,182,Triv.,"b,s",NM,,,1,29343,,yes,Fig.44
1431,Ba3Cu(Sb2O9),P63mc,186,SM,"k∗,b,s",FM,,HQ,1,2279,,yes,Fig.44
1452,Na(Be4SbO7),P63mc,186,Triv.,"k∗,b",NM,,,1,27599,,yes,Fig.44
1468,LaSiO2N,P6̄c2,188,SM,b,NM,,,1,9752,,yes,Fig.45
1469,Sr(GeO3),P6̄2m,189,Triv.,,NM,,,1,28603,,yes,Fig.45
1482,TiCoSi,P6̄2m,189,SM,,FM,,,1,42735,,yes,Fig.45
1503,LaNi5,P6/mmm,191,SM,k,FM,,HQ,0,,,yes,Fig.45
1504,YNi5,P6/mmm,191,SM,k,FM,,,50,242027 242028 242029 242030 600409 601621 602015 603845 641488 641507 641513 641518 641519 641520 641521 641522 641523 641524 641526 641529 641532 641535 641540 641542 641543 641545 641549 657601 658150 670633 54422 105462 105463 603868 647059 647075 647084 647089 647093 647101 659941 673580 54474 58916 619438 619442 619446 619447 619449 619452,,yes,Fig.46
1505,CaNi5,P6/mmm,191,SM,k,FM,,HQ,0,,,yes,Fig.45
1506,BaPd5,P6/mmm,191,SM,k,NM,,,2,58672 616030,,yes,Fig.45
1509,Ni5Sc,P6/mmm,191,SM,k,FM,,,2,105336 646468,,yes,Fig.46
1510,Pd5Sr,P6/mmm,191,TI,k,NM,,,2,105707 648964,,yes,Fig.45
1511,CaPd5,P6/mmm,191,TI,k,NM,,,2,106357 673956,,yes,Fig.45
1515,InNi,P6/mmm,191,SM,k,NM,,,36,53459 631998 632006 632016 632022 55564 102671 151390 161110 161113 161115 161116 161117 161118 625264 670158 59435 161111 161114 161123 161124 161125 161126 185625 640117 103634 103635 152339 161109 161112 161119 161120 161121 161122 633740 633747,,yes,Fig.46
1519,YCr6Ge6,P6/mmm,191,SM,k,NM,,,1,658018,,yes,Fig.46
1544,K3N,P63/mcm,193,TI,"b,s",NM,,,1,99999,,yes,Fig.46
1545,NbI3,P63/mcm,193,SM,,FM,,,1,109145,,yes,Fig.46
1561,Rb6Ni6F18,P63/mmc,194,SM,"k∗,b,s",FM,,,2,410390 410391,,yes,Fig.46
1566,BaVS3,P63/mmc,194,SM,k∗,FM,SC,,8,8193 8194 15537 23194 62711 154181 616097 616098,,yes,Fig.46
1571,Ba(VSe3),P63/mmc,194,SM,k∗,FM,,,1,10486,,yes,Fig.47
1600,CuScO2,P63/mmc,194,Triv.,,NM,,,4,60847 95667 151929 670128,,yes,Fig.47
1610,NiMnGe,P63/mmc,194,SM,,FM,,,4,41921 637011 637019 637029,,yes,Fig.47
1613,CoNiSn,P63/mmc,194,SM,,FM,,,2,102582 196627,,yes,Fig.47
1639,Co3Mo,P63/mmc,194,SM,k∗,FM,,,13,58188 99779 181338 609523 609538 102542 624214 624216 671172 102722 187993 625553 671174,,yes,Fig.47
1640,Co3W,P63/mmc,194,SM,k∗,FM,,,0,,,yes,Fig.47
1642,Ni3In,P63/mmc,194,SM,k∗,FM,,,4,151196 185623 185627 640100,,yes,Fig.47
1648,FeSb,P63/mmc,194,SM,,FM,SC,,3,53535 53971 633396,,yes,Fig.47
1690,CsLi(MoO4),F4̄3m,216,Triv.,NM,,HQ,,1,20805,,yes,"Fig.48(k∗,p∗,b,s)"
1692,Ni5Zr,F4̄3m,216,SM,k∗,FM,,,5,54985 150648 150939 189201 647156,,yes,Fig.48
1693,Ni4ZnZr,F4̄3m,216,SM,"k∗,p∗",NM,,,1,105477,,yes,Fig.48
1694,MgYNi4,F4̄3m,216,SM,"k∗,p∗",NM,,,4,107033 107424 183095 191556,,yes,Fig.49
1695,CaMgNi4,F4̄3m,216,TI,"k∗,p∗",FM,,,1,107419,,yes,Fig.48
1696,LaMgNi4,F4̄3m,216,SM,"k∗,p∗",FM,,,13,107420 162119 184164 242011 242012 242013 242014 242015 242021 242022 242023 242024 242025,,yes,Fig.49
1697,ScNi4Cd,F4̄3m,216,SM,"k∗,p∗",NM,,,1,185106,,yes,Fig.49
1698,YNi4Cd,F4̄3m,216,SM,"k∗,p∗",,,HQ,1,423939,,yes,Fig.49
1699,ZrNi5,F4̄3m,216,TI,k∗,FM,,,1,601018,,yes,Fig.48
1700,ScAuNi4,F4̄3m,216,TI,"k∗,p∗",NM,,,1,612227,,yes,Fig.48
1701,YAuNi4,F4̄3m,216,TI,"k∗,p∗",,,,1,612233,,yes,Fig.48
1704,HfNi5,F4̄3m,216,SM,k∗,,,,1,672665,,yes,Fig.48
1719,Mn2CoAs,F4̄3m,216,SM,,FM,,,1,191648,,yes,Fig.49
1720,CoFeTiAl,F4̄3m,216,Triv.,,NM,,,2,191657 673236,,yes,Fig.50
1721,CoFeTiGa,F4̄3m,216,SM,,NM,,,1,191658,,yes,Fig.49
1722,CoFeTiSi,F4̄3m,216,SM,,FM,,,1,191659,,yes,Fig.49
1723,CoFeTiGe,F4̄3m,216,SM,,FM,,,1,191660,,yes,Fig.50
1724,CoFeTiAs,F4̄3m,216,SM,,FM,,,1,191661,,yes,Fig.50
1725,CoFeTiSb,F4̄3m,216,SM,,FM,,,1,191662,,yes,Fig.50
1726,CoFeVGa,F4̄3m,216,SM,,FM,,,1,191664,,yes,Fig.50
1737,Fe2MnGe,F4̄3m,216,SM,,,,,1,671982,,yes,Fig.50
1738,Fe2MnAl,F4̄3m,216,TI,,,,,1,672261,,yes,Fig.49
1757,CoMnSb,F4̄3m,216,SM,,FM,,,3,53001 624126 624133,,yes,Fig.50
1759,NiMnSb,F4̄3m,216,SM,,FM,,,11,54255 76078 182485 643105 643108 643111 643121 54343 76199 76201 643415,,yes,Fig.50
1760,RhMnSb,F4̄3m,216,SM,,FM,,,0,,,yes,Fig.51
1762,CoNbSn,F4̄3m,216,Triv.,,FM,,,2,102552 102553,,yes,Fig.51
1764,MnPtSn,F4̄3m,216,SM,,FM,,,4,104955 104956 643383 643387,,yes,Fig.51
1782,LiCaC,F4̄3m,216,SM,,,,,1,672030,,yes,Fig.51
1804,MnSn,F4̄3m,216,SM,,FM,,,1,191171,,yes,Fig.51
1817,GaMo4CS8,F4̄3m,216,SM,"b,s",NM,,,1,76848,,yes,Fig.51
1818,MgV2O4,F4̄3m,216,SM,"k∗,p∗,b",,,,1,674693,,yes,Fig.51
1819,Cu2Al4O7,F4̄3m,216,SM,"k∗,p∗,b",FM,,,1,100355,,yes,Fig.51
1820,SiO2,I4̄3m,217,Triv.,"b,s",NM,,HQ,1,183701,,yes,Fig.52
1837,PbPd3,Pm3̄m,221,SM,k,NM,SC,,2,42600 648357,,yes,Fig.52
1838,Ni3Ge,Pm3̄m,221,TI,k,NM,,,0,,,yes,Fig.52
1839,AlNi3,Pm3̄m,221,SM,k,FM,,,28,53745 104162 600112 637356 637358 637362 637364 58038 58039 105529 151385 185893 187989 196567 196568 604410 608781 608782 608790 608797 608799 608811 608814 671563 671564 672104 672243 673108,,yes,Fig.52
1840,InNi3,Pm3̄m,221,SM,k,FM,,,2,59438 59439,,yes,Fig.52
1841,Ni3Si,Pm3̄m,221,TI,k,NM,,,0,,,yes,Fig.52
1845,GaNi3,Pm3̄m,221,SM,k,FM,,,0,,,yes,Fig.53
1847,MnZn3,Pm3̄m,221,SM,k,FM,,,1,105020,,yes,Fig.53
1848,Ni3Sn,Pm3̄m,221,TI,k,NM,,,2,105353 671094,,yes,Fig.52
1850,Pd3Sn,Pm3̄m,221,SM,k,NM,,,0,,,yes,Fig.53
1855,Co3W,Pm3̄m,221,SM,k,FM,,,3,187963 187987 671175,,yes,Fig.53
1858,Co3Mo,Pm3̄m,221,SM,k,FM,,,2,187969 671173,,yes,Fig.53
1859,MgNi3,Pm3̄m,221,SM,k,FM,SC∗,,1,193569,,yes,Fig.52
1860,InPd3,Pm3̄m,221,SM,k,NM,,,2,247193 247197,,yes,Fig.53
1861,Cu3Ni,Pm3̄m,221,SM,k,,,,1,670622,,yes,Fig.53
1862,CuNi3,Pm3̄m,221,SM,k,,,,1,670623,,yes,Fig.53
1864,CuPd3,Pm3̄m,221,SM,k,,,,2,670626 675018,,yes,Fig.54
1894,MgRh,Pm3̄m,221,SM,,NM,,,2,104859 656818,,yes,Fig.54
1915,MnSn,Pm3̄m,221,SM,,FM,,,1,191170,,yes,Fig.54
1926,KMnF3,Pm3̄m,221,SM,"k,b,s,l",FM,,,0,,,yes,Fig.54
1927,KFeF3,Pm3̄m,221,Triv.,"k,b,s,l",FM,,,55,15246 15425 44785 189368 15423 37254 43721 44783 75409 75410 75411 189367 201254 201255 15424 37262 44784 107514 23076 27045 56092 56717 65088 65089 65090 76186 80871 80872 80873 80874 91899 94573 184455 184921 186725 186895 187296 187480 187619 191828 192314 201256 248379 262269 290370 290617 671735 672571 673179 673390 673418 673419 673892 674457 675010,,yes,Fig.57
1931,Cs(HgBr3),Pm3̄m,221,SM,"k,b,s,l",NM,,,1,24479,,yes,Fig.54
1939,KVF3,Pm3̄m,221,SM,"k,b,s,l",FM,,,1,28145,,yes,Fig.54
1940,RbVF3,Pm3̄m,221,SM,"k,b,s,l",FM,,,1,28146,,yes,Fig.54
1943,La(CrO3),Pm3̄m,221,SM,"k,b,s,l",FM,,,0,,,yes,Fig.54
1949,La(MnO3),Pm3̄m,221,Triv.,"k,b,s,l",FM,,,0,,,yes,Fig.57
1956,Rb(MnF3),Pm3̄m,221,SM,"k,b,s,l",FM,,,1,43722,,yes,Fig.55
1960,Rh3YB,Pm3̄m,221,SM,"k,b,s,l",NM,,,2,44568 615341,,yes,Fig.55
1968,NaVF3,Pm3̄m,221,SM,"k,b,s,l",FM,,,1,60611,,yes,Fig.55
1969,Sr(RuO3),Pm3̄m,221,SM,"k,b,s,l",FM,,HQ,7,69360 82981 82982 82983 82984 162777 187484,,yes,Fig.55
1973,Fe3ZnC,Pm3̄m,221,SM,"k,b,s,l",FM,,,1,76763,,yes,Fig.55
1974,Co3MgC,Pm3̄m,221,SM,"k,b,s,l",FM,,,1,76790,,yes,Fig.55
1976,Co3ZnC,Pm3̄m,221,SM,"k,b,s,l",FM,,,1,76797,,yes,Fig.55
1983,YRh3C,Pm3̄m,221,SM,"k,b,s,l",NM,,,1,77389,,yes,Fig.55
1985,Sr(VO3),Pm3̄m,221,SM,"k,b,s,l",FM,,HQ,0,,,yes,Fig.56
1991,Sr(TcO3),Pm3̄m,221,SM,"k,b,s,l",NM,,,0,,,yes,Fig.56
2000,Ca(MnO3),Pm3̄m,221,SM,"k,b,s,l",FM,,,5,168902 168903 168905 181782 673449,,yes,Fig.56
2003,Pb(VO3),Pm3̄m,221,SM,"k,b,s,l",FM,,,1,187637,,yes,Fig.56
2004,Sr(MnO3),Pm3̄m,221,SM,"k,b,s,l",AFM,,,2,188415 236949,,yes,Fig.56
2006,Ba(VO3),Pm3̄m,221,SM,"k,b,s,l",FM,,HQ,2,191203 673477,,yes,Fig.56
2010,InNCo3,Pm3̄m,221,SM,"k,b,s,l",FM,,HQ,1,247066,,yes,Fig.56
2013,CdCo3N,Pm3̄m,221,SM,"k,b,s,l",FM,,HQ,1,422858,,yes,Fig.56
2015,CaTcO3,Pm3̄m,221,SM,"k,b,s,l",,,,2,671082 671083,,yes,Fig.57
2016,BaTcO3,Pm3̄m,221,SM,"k,b,s,l",,,,2,671086 671087,,yes,Fig.57
2018,ZnSnO3,Pm3̄m,221,SM,"k,b,s,l",,,,1,673496,,yes,Fig.57
2021,KSbO3,Pm3̄m,221,Triv.,"k,b,s,l",,,,1,674060,,yes,Fig.57
2025,MoF3,Pm3̄m,221,SM,"k,b,s,l",FM,,,1,30612,,yes,Fig.57
2026,ScF3,Pm3̄m,221,Triv.,"k,b,s,l",NM,,,48,77071 194248 194249 194250 194273 261067 261068 261069 261070 261071 261072 261073 261074 261075 261076 261077 261078 261079 261080 261081 261082 261083 261084 261085 261086 261087 261088 261089 261090 261091 261092 261093 261094 261095 671108 673424 673425 673426 673427 673428 673429 673430 673431 673432 673433 673434 673435 673436,,yes,Fig.58
2027,WO3,Pm3̄m,221,Triv.,"k,b,s,l",NM,SC∗,,3,108651 183408 674843,,yes,Fig.58
2029,Na3N,Pm3̄m,221,SM,"k,b,s,l",NM,,,12,165988 249566 412313 421109 421110 421111 421112 421113 421115 421116 421117 421118,,yes,Fig.57
2030,MgO,Pm3̄n,223,Triv.,,NM,,,1,181465,,yes,Fig.58
2035,SiC2N4,Pn3̄m,224,Triv.,b,NM,,,1,93543,,yes,Fig.58
2041,Ba2Mn(ReO6),Fm3̄m,225,Triv.,"k∗,b,s",FM,,,2,4169 109256,,yes,Fig.59
2042,K2Na(AlF6),Fm3̄m,225,Triv.,,NM,,HQ,3,22109 40886 6027,22109(b) 40886(b),yes,Fig.59
2043,KTl2MoF6,Fm3̄m,225,SM,b,FM,,,1,15775,,yes,Fig.58
2044,NaTl2MoF6,Fm3̄m,225,SM,"k∗,b,s",FM,,,1,15776,,yes,Fig.58
2048,K2NaTlF6,Fm3̄m,225,Triv.,"k∗,b,s",NM,,,1,22114,,yes,Fig.59
2049,Cs2NaTlF6,Fm3̄m,225,Triv.,"k∗,b,s",NM,,,1,22118,,yes,Fig.60
2056,Ba2CoWO6,Fm3̄m,225,SM,"k∗,b,s",FM,,,4,27425 97029 195130 672551,,yes,Fig.58
2058,Sr2Co(WO6),Fm3̄m,225,SM,"k∗,b,s",FM,,,1,28598,,yes,Fig.58
2060,Sr2Co(MoO6),Fm3̄m,225,SM,"k∗,b,s",AFM,,,2,28601 153543,,yes,Fig.59
2080,Ba2FeMoO6,Fm3̄m,225,Triv.,"k∗,b,s",FM,,,0,,,yes,Fig.60
2081,Ba2(CoMoO6),Fm3̄m,225,SM,"k∗,b,s",AFM,,HQ,3,97028 184910 672550,,yes,Fig.59
2084,Ba2(FeWO6),Fm3̄m,225,Triv.,"k∗,b,s",AFM,,HQ,2,99061 672159,,yes,Fig.60
2087,Ba2Fe(ReO6),Fm3̄m,225,SM,"k∗,b,s",FM,,,2,109252 155175,,yes,Fig.59
2094,Sr2(GaSbO6),Fm3̄m,225,Triv.,"k∗,b,s",NM,,HQ,4,157016 157017 157018 157019,,yes,Fig.60
2095,Sr2(FeMoO6),Fm3̄m,225,Triv.,"k∗,b,s",AFM,,HQ,3,157603 181752 248459,,yes,Fig.60
2096,Sr2Y(SbO6),Fm3̄m,225,Triv.,"k∗,b,s",NM,,,2,157886 157887,,yes,Fig.60
2105,Ba2CaTeO6,Fm3̄m,225,Triv.,"k∗,b,s",NM,,HQ,1,246112,,yes,Fig.60
2108,Sr2FeOsO6,Fm3̄m,225,SM,"k∗,b,s",AFM,,,1,251068,,yes,Fig.59
2109,Cs2InAgCl6,Fm3̄m,225,Triv.,"k∗,b,s",,,,1,257115,,yes,Fig.60
2117,Pb2NaIO6,Fm3̄m,225,SM,"k∗,b,s",NM,,HQ,1,427115,,yes,Fig.59
2119,K2S,Fm3̄m,225,Triv.,,NM,,,31,5270 5271 20597 24523 53984 60013 60014 60372 76420 180950 180951 180952 180953 181557 201113 201114 201115 26735 60439 183837 641321 55115 55116 55117 55131 55132 55133 55134 55135 55136 182743,,yes,Fig.61
2122,K2Se,Fm3̄m,225,Triv.,,NM,,,3,60440 168448 196758,,yes,Fig.61
2123,K2Te,Fm3̄m,225,Triv.,,NM,,,5,60441 96739 182742 631721 641376,,yes,Fig.61
2126,LiCo2Ge,Fm3̄m,225,SM,,NM,,,1,25324,,yes,Fig.62
2133,CoFe2Ge,Fm3̄m,225,SM,,FM,,,1,52954,,yes,Fig.62
2136,Co2ZnGe,Fm3̄m,225,SM,,FM,,,1,52994,,yes,Fig.62
2139,Co2TiSi,Fm3̄m,225,SM,,FM,,,0,,,yes,Fig.62
2140,Co2VSi,Fm3̄m,225,SM,,FM,,,2,53086 659022,,yes,Fig.62
2143,FeRu2Si,Fm3̄m,225,Triv.,,FM,,,3,53525 633245 633246,,yes,Fig.65
2145,Fe2VSi,Fm3̄m,225,SM,,FM,,,3,53555 633623 659019,,yes,Fig.62
2149,ZrNi2In,Fm3̄m,225,SM,,NM,,HQ,2,54546 59460,,yes,Fig.62
2150,HfNi2In,Fm3̄m,225,SM,,NM,,,1,54595,,yes,Fig.63
2159,AlCrFe2,Fm3̄m,225,SM,,FM,,,2,57654 184446,,yes,Fig.63
2160,AlFe3,Fm3̄m,225,SM,,FM,,,5,57793 607482 607484 607485 672764,,yes,Fig.63
2161,AlFe2Mo,Fm3̄m,225,SM,,FM,,,1,57807,,yes,Fig.63
2172,Mn3Si,Fm3̄m,225,SM,,FM,SC,,0,,,yes,Fig.63
2174,CoFe2Ga,Fm3̄m,225,TI,,FM,,,1,102385,,yes,Fig.61
2176,Co2HfGa,Fm3̄m,225,SM,,FM,,,2,102433 623080,,yes,Fig.63
2182,Co2HfSn,Fm3̄m,225,TI,,FM,,,30,102453 102454 623206 623207 623209 623211 102456 623228 623230 674450 102483 108295 291934 623806 659656 102531 102532 624165 624166 624169 624171 624172 624173 624177 672407 102554 102555 190615 624326 624333,,yes,Fig.61
2186,Co2SnTi,Fm3̄m,225,TI,,FM,,,0,,,yes,Fig.61
2188,Co2SnZr,Fm3̄m,225,TI,,FM,,,0,,,yes,Fig.61
2189,CrFe2Ga,Fm3̄m,225,SM,,FM,,,2,102755 184448,,yes,Fig.63
2190,Cu2MnIn,Fm3̄m,225,TI,,FM,,,3,102996 102997 628019,,yes,Fig.61
2192,Fe2GaV,Fm3̄m,225,Triv.,,NM,,,3,103473 103474 631850,,yes,Fig.65
2193,Fe2SnTi,Fm3̄m,225,SM,,NM,,,4,103641 103642 186058 633766,,yes,Fig.63
2194,Fe2SnV,Fm3̄m,225,SM,,FM,,,2,103644 291933,,yes,Fig.64
2198,MnNi2Sn,Fm3̄m,225,SM,,FM,,,12,104926 104927 191631 291935 643152 643153 643156 643157 643158 643159 643161 674344,,yes,Fig.64
2203,NiRh2Sn,Fm3̄m,225,TI,,FM,,,1,105327,,yes,Fig.62
2204,Ni2ScSn,Fm3̄m,225,SM,,NM,,HQ,2,105339 657254,,yes,Fig.64
2209,Fe3Ga,Fm3̄m,225,SM,,FM,,,2,108436 672763,,yes,Fig.64
2211,Co2TiGe,Fm3̄m,225,SM,,FM,,,4,169468 169469 623633 623637,,yes,Fig.64
2214,Co2TiAl,Fm3̄m,225,SM,,FM,,,5,185966 606679 606680 606682 606685,,yes,Fig.64
2215,Fe2CrSn,Fm3̄m,225,SM,,FM,,,1,185999,,yes,Fig.64
2217,Fe2TiGe,Fm3̄m,225,Triv.,,NM,,,1,186057,,yes,Fig.65
2218,Fe2TiAs,Fm3̄m,225,SM,,FM,,,1,186059,,yes,Fig.64
2219,Fe2TiSb,Fm3̄m,225,SM,,FM,,,1,186060,,yes,Fig.65
2225,Ru2VGe,Fm3̄m,225,SM,,,,,1,671340,,yes,Fig.65
2229,Fe2ZrP,Fm3̄m,225,SM,,,,,1,675102,,yes,Fig.65
2232,K2(SnCl6),Fm3̄m,225,Triv.,k∗,NM,,HQ,5,604 1668 6058 23991 26111,,yes,Fig.66
2233,(NH4)2(SnCl6),Fm3̄m,225,Triv.,k∗,NM,,HQ,3,605 9021 163660,,yes,Fig.66
2236,Rb2SnCl6,Fm3̄m,225,Triv.,k∗,NM,,HQ,5,9022 26698 29026 65059 65060,,yes,Fig.66
2237,Cs2SnCl6,Fm3̄m,225,Triv.,k∗,NM,,HQ,3,9023 26699 29030,,yes,Fig.66
2239,Rb2MnCl6,Fm3̄m,225,SM,k∗,FM,,HQ,1,9347,,yes,Fig.65
2270,K2TaCl6,Fm3̄m,225,SM,k∗,FM,,HQ,1,59894,,yes,Fig.66
2276,Rb2(NbCl6),Fm3̄m,225,SM,k∗,FM,,HQ,1,245747,,yes,Fig.66
2285,Y2Ni6C,Fm3̄m,225,SM,k∗,,,,1,673582,,yes,Fig.65
2319,Ca2NH,Fd3̄m,227,Triv.,"k,p",NM,,,1,292,,yes,Fig.66
2323,CsNbN2,Fd3̄m,227,Triv.,"k,p,b,s",NM,,HQ,1,72546,,yes,Fig.66
2325,YS2,Fd3̄m,227,SM,"k,p",NM,,,1,52216,,yes,Fig.67
2328,BaPt2,Fd3̄m,227,TI,"k,p",NM,SC,,3,58675 616039 616040,,yes,Fig.67
2330,CaNi2,Fd3̄m,227,SM,"k,p",NM,,,3,58915 619440 619441,,yes,Fig.67
2335,Ni2Sc,Fd3̄m,227,SM,"k,p",NM,,,3,105334 105335 646466,,yes,Fig.67
2336,Ni2Y,Fd3̄m,227,SM,"k,p",NM,SC,,26,105458 105459 150746 183094 196784 647056 647057 647058 647072 647082 647083 647086 647087 647088 647090 647099 647108 657906 670873 106236 106237 653507 653508 653510 653517 653523,,yes,Fig.67
2337,Zn2Zr,Fd3̄m,227,Triv.,"k,p",FM,SC,,0,,,yes,Fig.67
2346,Sn2(Ta2O7),Fd3̄m,227,Triv.,"k,p,b,s",NM,,,2,27119 163818,,yes,Fig.68
2347,Pb2Sb2O7,Fd3̄m,227,SM,"k,p,b,s",NM,,,1,27120,,yes,Fig.67
2348,Ca2Ta2O7,Fd3̄m,227,Triv.,"k,p,b,s",NM,,,1,27121,,yes,Fig.68
2350,Hg2Zn2F6O,Fd3̄m,227,Triv.,"k,p,b,s",NM,,HQ,1,27330,,yes,Fig.68
2351,Cd2Nb2O7,Fd3̄m,227,SM,"k,p",NM,,,1,33672,,yes,Fig.67
2358,Sn2(Nb2O7),Fd3̄m,227,Triv.,"k,p,b,s",NM,,,1,163817,,yes,Fig.68
2360,Y2(Ir2O7),Fd3̄m,227,SM,"k,p,b,s",FM,,HQ,1,187534,,yes,Fig.68
2372,Mg2VO4,Fd3̄m,227,SM,"k,p,b",FM,,,1,76980,,yes,Fig.68
2377,CoAl2O4,Fd3̄m,227,SM,"k,p,b",AFM,,HQ,1,290133,,yes,Fig.68
2378,Al2NiO4,Fd3̄m,227,SM,"k,p,b",AFM,,,1,608815,,yes,Fig.69
